--
-- PostgreSQL database dump
--

\restrict dRc5bK0Yyab9NFTMMvUHOQjZe44cX0KIcPSYyYKW8JbLd0Rs1cCKsuRvEQmGjYc

-- Dumped from database version 17.7 (Debian 17.7-3.pgdg13+1)
-- Dumped by pg_dump version 17.7 (Homebrew)

SET statement_timeout = 0;
SET lock_timeout = 0;
SET idle_in_transaction_session_timeout = 0;
SET transaction_timeout = 0;
SET client_encoding = 'UTF8';
SET standard_conforming_strings = on;
SELECT pg_catalog.set_config('search_path', '', false);
SET check_function_bodies = false;
SET xmloption = content;
SET client_min_messages = warning;
SET row_security = off;

SET default_tablespace = '';

SET default_table_access_method = heap;

--
-- Name: auth_group; Type: TABLE; Schema: public; Owner: postgres
--

CREATE TABLE public.auth_group (
    id integer NOT NULL,
    name character varying(150) NOT NULL
);


ALTER TABLE public.auth_group OWNER TO postgres;

--
-- Name: auth_group_id_seq; Type: SEQUENCE; Schema: public; Owner: postgres
--

ALTER TABLE public.auth_group ALTER COLUMN id ADD GENERATED BY DEFAULT AS IDENTITY (
    SEQUENCE NAME public.auth_group_id_seq
    START WITH 1
    INCREMENT BY 1
    NO MINVALUE
    NO MAXVALUE
    CACHE 1
);


--
-- Name: auth_group_permissions; Type: TABLE; Schema: public; Owner: postgres
--

CREATE TABLE public.auth_group_permissions (
    id bigint NOT NULL,
    group_id integer NOT NULL,
    permission_id integer NOT NULL
);


ALTER TABLE public.auth_group_permissions OWNER TO postgres;

--
-- Name: auth_group_permissions_id_seq; Type: SEQUENCE; Schema: public; Owner: postgres
--

ALTER TABLE public.auth_group_permissions ALTER COLUMN id ADD GENERATED BY DEFAULT AS IDENTITY (
    SEQUENCE NAME public.auth_group_permissions_id_seq
    START WITH 1
    INCREMENT BY 1
    NO MINVALUE
    NO MAXVALUE
    CACHE 1
);


--
-- Name: auth_permission; Type: TABLE; Schema: public; Owner: postgres
--

CREATE TABLE public.auth_permission (
    id integer NOT NULL,
    name character varying(255) NOT NULL,
    content_type_id integer NOT NULL,
    codename character varying(100) NOT NULL
);


ALTER TABLE public.auth_permission OWNER TO postgres;

--
-- Name: auth_permission_id_seq; Type: SEQUENCE; Schema: public; Owner: postgres
--

ALTER TABLE public.auth_permission ALTER COLUMN id ADD GENERATED BY DEFAULT AS IDENTITY (
    SEQUENCE NAME public.auth_permission_id_seq
    START WITH 1
    INCREMENT BY 1
    NO MINVALUE
    NO MAXVALUE
    CACHE 1
);


--
-- Name: auth_user; Type: TABLE; Schema: public; Owner: postgres
--

CREATE TABLE public.auth_user (
    id integer NOT NULL,
    password character varying(128) NOT NULL,
    last_login timestamp with time zone,
    is_superuser boolean NOT NULL,
    username character varying(150) NOT NULL,
    first_name character varying(150) NOT NULL,
    last_name character varying(150) NOT NULL,
    email character varying(254) NOT NULL,
    is_staff boolean NOT NULL,
    is_active boolean NOT NULL,
    date_joined timestamp with time zone NOT NULL
);


ALTER TABLE public.auth_user OWNER TO postgres;

--
-- Name: auth_user_groups; Type: TABLE; Schema: public; Owner: postgres
--

CREATE TABLE public.auth_user_groups (
    id bigint NOT NULL,
    user_id integer NOT NULL,
    group_id integer NOT NULL
);


ALTER TABLE public.auth_user_groups OWNER TO postgres;

--
-- Name: auth_user_groups_id_seq; Type: SEQUENCE; Schema: public; Owner: postgres
--

ALTER TABLE public.auth_user_groups ALTER COLUMN id ADD GENERATED BY DEFAULT AS IDENTITY (
    SEQUENCE NAME public.auth_user_groups_id_seq
    START WITH 1
    INCREMENT BY 1
    NO MINVALUE
    NO MAXVALUE
    CACHE 1
);


--
-- Name: auth_user_id_seq; Type: SEQUENCE; Schema: public; Owner: postgres
--

ALTER TABLE public.auth_user ALTER COLUMN id ADD GENERATED BY DEFAULT AS IDENTITY (
    SEQUENCE NAME public.auth_user_id_seq
    START WITH 1
    INCREMENT BY 1
    NO MINVALUE
    NO MAXVALUE
    CACHE 1
);


--
-- Name: auth_user_user_permissions; Type: TABLE; Schema: public; Owner: postgres
--

CREATE TABLE public.auth_user_user_permissions (
    id bigint NOT NULL,
    user_id integer NOT NULL,
    permission_id integer NOT NULL
);


ALTER TABLE public.auth_user_user_permissions OWNER TO postgres;

--
-- Name: auth_user_user_permissions_id_seq; Type: SEQUENCE; Schema: public; Owner: postgres
--

ALTER TABLE public.auth_user_user_permissions ALTER COLUMN id ADD GENERATED BY DEFAULT AS IDENTITY (
    SEQUENCE NAME public.auth_user_user_permissions_id_seq
    START WITH 1
    INCREMENT BY 1
    NO MINVALUE
    NO MAXVALUE
    CACHE 1
);


--
-- Name: catalog_collection; Type: TABLE; Schema: public; Owner: postgres
--

CREATE TABLE public.catalog_collection (
    id bigint NOT NULL,
    name character varying(200) NOT NULL,
    slug character varying(200) NOT NULL,
    description text NOT NULL,
    cover_image character varying(100) NOT NULL,
    is_limited_edition boolean NOT NULL,
    display_order integer NOT NULL,
    is_active boolean NOT NULL,
    created_at timestamp with time zone NOT NULL,
    updated_at timestamp with time zone NOT NULL
);


ALTER TABLE public.catalog_collection OWNER TO postgres;

--
-- Name: catalog_collection_id_seq; Type: SEQUENCE; Schema: public; Owner: postgres
--

ALTER TABLE public.catalog_collection ALTER COLUMN id ADD GENERATED BY DEFAULT AS IDENTITY (
    SEQUENCE NAME public.catalog_collection_id_seq
    START WITH 1
    INCREMENT BY 1
    NO MINVALUE
    NO MAXVALUE
    CACHE 1
);


--
-- Name: catalog_photo; Type: TABLE; Schema: public; Owner: postgres
--

CREATE TABLE public.catalog_photo (
    id bigint NOT NULL,
    title character varying(200) NOT NULL,
    slug character varying(200) NOT NULL,
    image character varying(100) NOT NULL,
    thumbnail character varying(100) NOT NULL,
    description text NOT NULL,
    location character varying(200) NOT NULL,
    location_tag character varying(100) NOT NULL,
    orientation character varying(1) NOT NULL,
    date_taken date,
    is_featured boolean NOT NULL,
    is_active boolean NOT NULL,
    created_at timestamp with time zone NOT NULL,
    updated_at timestamp with time zone NOT NULL,
    collection_id bigint NOT NULL,
    image_height integer,
    image_width integer,
    CONSTRAINT catalog_photo_image_height_check CHECK ((image_height >= 0)),
    CONSTRAINT catalog_photo_image_width_check CHECK ((image_width >= 0))
);


ALTER TABLE public.catalog_photo OWNER TO postgres;

--
-- Name: catalog_photo_id_seq; Type: SEQUENCE; Schema: public; Owner: postgres
--

ALTER TABLE public.catalog_photo ALTER COLUMN id ADD GENERATED BY DEFAULT AS IDENTITY (
    SEQUENCE NAME public.catalog_photo_id_seq
    START WITH 1
    INCREMENT BY 1
    NO MINVALUE
    NO MAXVALUE
    CACHE 1
);


--
-- Name: catalog_product; Type: TABLE; Schema: public; Owner: postgres
--

CREATE TABLE public.catalog_product (
    id bigint NOT NULL,
    title character varying(200) NOT NULL,
    slug character varying(200) NOT NULL,
    product_type character varying(20) NOT NULL,
    description text NOT NULL,
    long_description text NOT NULL,
    image character varying(100) NOT NULL,
    additional_images jsonb NOT NULL,
    price numeric(8,2) NOT NULL,
    compare_at_price numeric(8,2),
    sku character varying(100) NOT NULL,
    weight_oz numeric(6,2),
    stock_quantity integer NOT NULL,
    track_inventory boolean NOT NULL,
    is_featured boolean NOT NULL,
    is_active boolean NOT NULL,
    author character varying(200) NOT NULL,
    publisher character varying(200) NOT NULL,
    publication_year integer,
    pages integer,
    dimensions character varying(100) NOT NULL,
    isbn character varying(20) NOT NULL,
    created_at timestamp with time zone NOT NULL,
    updated_at timestamp with time zone NOT NULL,
    CONSTRAINT catalog_product_pages_check CHECK ((pages >= 0)),
    CONSTRAINT catalog_product_publication_year_check CHECK ((publication_year >= 0)),
    CONSTRAINT catalog_product_stock_quantity_check CHECK ((stock_quantity >= 0))
);


ALTER TABLE public.catalog_product OWNER TO postgres;

--
-- Name: catalog_product_id_seq; Type: SEQUENCE; Schema: public; Owner: postgres
--

ALTER TABLE public.catalog_product ALTER COLUMN id ADD GENERATED BY DEFAULT AS IDENTITY (
    SEQUENCE NAME public.catalog_product_id_seq
    START WITH 1
    INCREMENT BY 1
    NO MINVALUE
    NO MAXVALUE
    CACHE 1
);


--
-- Name: catalog_productvariant; Type: TABLE; Schema: public; Owner: postgres
--

CREATE TABLE public.catalog_productvariant (
    id bigint NOT NULL,
    size character varying(20) NOT NULL,
    material character varying(20) NOT NULL,
    price numeric(8,2) NOT NULL,
    width_inches integer NOT NULL,
    height_inches integer NOT NULL,
    is_available boolean NOT NULL,
    aluminyze_sku character varying(100) NOT NULL,
    created_at timestamp with time zone NOT NULL,
    updated_at timestamp with time zone NOT NULL,
    photo_id bigint NOT NULL,
    CONSTRAINT catalog_productvariant_height_inches_check CHECK ((height_inches >= 0)),
    CONSTRAINT catalog_productvariant_width_inches_check CHECK ((width_inches >= 0))
);


ALTER TABLE public.catalog_productvariant OWNER TO postgres;

--
-- Name: catalog_productvariant_id_seq; Type: SEQUENCE; Schema: public; Owner: postgres
--

ALTER TABLE public.catalog_productvariant ALTER COLUMN id ADD GENERATED BY DEFAULT AS IDENTITY (
    SEQUENCE NAME public.catalog_productvariant_id_seq
    START WITH 1
    INCREMENT BY 1
    NO MINVALUE
    NO MAXVALUE
    CACHE 1
);


--
-- Name: core_giftcard; Type: TABLE; Schema: public; Owner: postgres
--

CREATE TABLE public.core_giftcard (
    id uuid NOT NULL,
    code character varying(19) NOT NULL,
    initial_amount numeric(8,2) NOT NULL,
    remaining_balance numeric(8,2) NOT NULL,
    purchaser_email character varying(254) NOT NULL,
    purchaser_name character varying(200) NOT NULL,
    recipient_email character varying(254) NOT NULL,
    recipient_name character varying(200) NOT NULL,
    message text NOT NULL,
    is_active boolean NOT NULL,
    is_sent boolean NOT NULL,
    purchased_at timestamp with time zone NOT NULL,
    sent_at timestamp with time zone,
    expires_at timestamp with time zone,
    stripe_payment_intent character varying(200) NOT NULL
);


ALTER TABLE public.core_giftcard OWNER TO postgres;

--
-- Name: core_giftcardredemption; Type: TABLE; Schema: public; Owner: postgres
--

CREATE TABLE public.core_giftcardredemption (
    id bigint NOT NULL,
    amount numeric(8,2) NOT NULL,
    redeemed_at timestamp with time zone NOT NULL,
    gift_card_id uuid NOT NULL,
    order_id uuid NOT NULL
);


ALTER TABLE public.core_giftcardredemption OWNER TO postgres;

--
-- Name: core_giftcardredemption_id_seq; Type: SEQUENCE; Schema: public; Owner: postgres
--

ALTER TABLE public.core_giftcardredemption ALTER COLUMN id ADD GENERATED BY DEFAULT AS IDENTITY (
    SEQUENCE NAME public.core_giftcardredemption_id_seq
    START WITH 1
    INCREMENT BY 1
    NO MINVALUE
    NO MAXVALUE
    CACHE 1
);


--
-- Name: core_subscriber; Type: TABLE; Schema: public; Owner: postgres
--

CREATE TABLE public.core_subscriber (
    id bigint NOT NULL,
    email character varying(254) NOT NULL,
    name character varying(200) NOT NULL,
    source character varying(20) NOT NULL,
    interests jsonb NOT NULL,
    is_active boolean NOT NULL,
    mailerlite_id character varying(100) NOT NULL,
    subscribed_at timestamp with time zone NOT NULL,
    unsubscribed_at timestamp with time zone
);


ALTER TABLE public.core_subscriber OWNER TO postgres;

--
-- Name: core_subscriber_id_seq; Type: SEQUENCE; Schema: public; Owner: postgres
--

ALTER TABLE public.core_subscriber ALTER COLUMN id ADD GENERATED BY DEFAULT AS IDENTITY (
    SEQUENCE NAME public.core_subscriber_id_seq
    START WITH 1
    INCREMENT BY 1
    NO MINVALUE
    NO MAXVALUE
    CACHE 1
);


--
-- Name: django_admin_log; Type: TABLE; Schema: public; Owner: postgres
--

CREATE TABLE public.django_admin_log (
    id integer NOT NULL,
    action_time timestamp with time zone NOT NULL,
    object_id text,
    object_repr character varying(200) NOT NULL,
    action_flag smallint NOT NULL,
    change_message text NOT NULL,
    content_type_id integer,
    user_id integer NOT NULL,
    CONSTRAINT django_admin_log_action_flag_check CHECK ((action_flag >= 0))
);


ALTER TABLE public.django_admin_log OWNER TO postgres;

--
-- Name: django_admin_log_id_seq; Type: SEQUENCE; Schema: public; Owner: postgres
--

ALTER TABLE public.django_admin_log ALTER COLUMN id ADD GENERATED BY DEFAULT AS IDENTITY (
    SEQUENCE NAME public.django_admin_log_id_seq
    START WITH 1
    INCREMENT BY 1
    NO MINVALUE
    NO MAXVALUE
    CACHE 1
);


--
-- Name: django_content_type; Type: TABLE; Schema: public; Owner: postgres
--

CREATE TABLE public.django_content_type (
    id integer NOT NULL,
    app_label character varying(100) NOT NULL,
    model character varying(100) NOT NULL
);


ALTER TABLE public.django_content_type OWNER TO postgres;

--
-- Name: django_content_type_id_seq; Type: SEQUENCE; Schema: public; Owner: postgres
--

ALTER TABLE public.django_content_type ALTER COLUMN id ADD GENERATED BY DEFAULT AS IDENTITY (
    SEQUENCE NAME public.django_content_type_id_seq
    START WITH 1
    INCREMENT BY 1
    NO MINVALUE
    NO MAXVALUE
    CACHE 1
);


--
-- Name: django_migrations; Type: TABLE; Schema: public; Owner: postgres
--

CREATE TABLE public.django_migrations (
    id bigint NOT NULL,
    app character varying(255) NOT NULL,
    name character varying(255) NOT NULL,
    applied timestamp with time zone NOT NULL
);


ALTER TABLE public.django_migrations OWNER TO postgres;

--
-- Name: django_migrations_id_seq; Type: SEQUENCE; Schema: public; Owner: postgres
--

ALTER TABLE public.django_migrations ALTER COLUMN id ADD GENERATED BY DEFAULT AS IDENTITY (
    SEQUENCE NAME public.django_migrations_id_seq
    START WITH 1
    INCREMENT BY 1
    NO MINVALUE
    NO MAXVALUE
    CACHE 1
);


--
-- Name: django_session; Type: TABLE; Schema: public; Owner: postgres
--

CREATE TABLE public.django_session (
    session_key character varying(40) NOT NULL,
    session_data text NOT NULL,
    expire_date timestamp with time zone NOT NULL
);


ALTER TABLE public.django_session OWNER TO postgres;

--
-- Name: mockup_savedmockup; Type: TABLE; Schema: public; Owner: postgres
--

CREATE TABLE public.mockup_savedmockup (
    id uuid NOT NULL,
    mockup_image character varying(100) NOT NULL,
    config jsonb NOT NULL,
    created_at timestamp with time zone NOT NULL,
    wall_analysis_id uuid NOT NULL
);


ALTER TABLE public.mockup_savedmockup OWNER TO postgres;

--
-- Name: mockup_wallanalysis; Type: TABLE; Schema: public; Owner: postgres
--

CREATE TABLE public.mockup_wallanalysis (
    id uuid NOT NULL,
    original_image character varying(100) NOT NULL,
    original_width integer,
    original_height integer,
    status character varying(20) NOT NULL,
    error_message text NOT NULL,
    depth_map character varying(100),
    wall_mask character varying(100),
    wall_bounds jsonb,
    confidence double precision,
    pixels_per_inch double precision,
    wall_height_feet double precision NOT NULL,
    created_at timestamp with time zone NOT NULL,
    completed_at timestamp with time zone,
    session_key character varying(40) NOT NULL,
    CONSTRAINT mockup_wallanalysis_original_height_check CHECK ((original_height >= 0)),
    CONSTRAINT mockup_wallanalysis_original_width_check CHECK ((original_width >= 0))
);


ALTER TABLE public.mockup_wallanalysis OWNER TO postgres;

--
-- Name: orders_cart; Type: TABLE; Schema: public; Owner: postgres
--

CREATE TABLE public.orders_cart (
    id uuid NOT NULL,
    session_key character varying(40) NOT NULL,
    created_at timestamp with time zone NOT NULL,
    updated_at timestamp with time zone NOT NULL
);


ALTER TABLE public.orders_cart OWNER TO postgres;

--
-- Name: orders_cartitem; Type: TABLE; Schema: public; Owner: postgres
--

CREATE TABLE public.orders_cartitem (
    id bigint NOT NULL,
    quantity integer NOT NULL,
    created_at timestamp with time zone NOT NULL,
    updated_at timestamp with time zone NOT NULL,
    cart_id uuid NOT NULL,
    variant_id bigint,
    product_id bigint,
    CONSTRAINT cart_item_has_variant_or_product CHECK ((((product_id IS NULL) AND (variant_id IS NOT NULL)) OR ((product_id IS NOT NULL) AND (variant_id IS NULL)))),
    CONSTRAINT orders_cartitem_quantity_check CHECK ((quantity >= 0))
);


ALTER TABLE public.orders_cartitem OWNER TO postgres;

--
-- Name: orders_cartitem_id_seq; Type: SEQUENCE; Schema: public; Owner: postgres
--

ALTER TABLE public.orders_cartitem ALTER COLUMN id ADD GENERATED BY DEFAULT AS IDENTITY (
    SEQUENCE NAME public.orders_cartitem_id_seq
    START WITH 1
    INCREMENT BY 1
    NO MINVALUE
    NO MAXVALUE
    CACHE 1
);


--
-- Name: orders_order; Type: TABLE; Schema: public; Owner: postgres
--

CREATE TABLE public.orders_order (
    id uuid NOT NULL,
    order_number character varying(20) NOT NULL,
    stripe_checkout_id character varying(200) NOT NULL,
    stripe_payment_intent character varying(200) NOT NULL,
    customer_email character varying(254) NOT NULL,
    customer_name character varying(200) NOT NULL,
    shipping_address jsonb NOT NULL,
    status character varying(20) NOT NULL,
    subtotal numeric(10,2) NOT NULL,
    shipping_cost numeric(8,2) NOT NULL,
    tax numeric(8,2) NOT NULL,
    total numeric(10,2) NOT NULL,
    tracking_number character varying(100) NOT NULL,
    tracking_carrier character varying(50) NOT NULL,
    notes text NOT NULL,
    created_at timestamp with time zone NOT NULL,
    updated_at timestamp with time zone NOT NULL
);


ALTER TABLE public.orders_order OWNER TO postgres;

--
-- Name: orders_orderitem; Type: TABLE; Schema: public; Owner: postgres
--

CREATE TABLE public.orders_orderitem (
    id bigint NOT NULL,
    quantity integer NOT NULL,
    unit_price numeric(8,2) NOT NULL,
    total_price numeric(10,2) NOT NULL,
    aluminyze_order_id character varying(100) NOT NULL,
    created_at timestamp with time zone NOT NULL,
    order_id uuid NOT NULL,
    variant_id bigint,
    item_description character varying(200) NOT NULL,
    item_title character varying(200) NOT NULL,
    product_id bigint,
    CONSTRAINT orders_orderitem_quantity_check CHECK ((quantity >= 0))
);


ALTER TABLE public.orders_orderitem OWNER TO postgres;

--
-- Name: orders_orderitem_id_seq; Type: SEQUENCE; Schema: public; Owner: postgres
--

ALTER TABLE public.orders_orderitem ALTER COLUMN id ADD GENERATED BY DEFAULT AS IDENTITY (
    SEQUENCE NAME public.orders_orderitem_id_seq
    START WITH 1
    INCREMENT BY 1
    NO MINVALUE
    NO MAXVALUE
    CACHE 1
);


--
-- Data for Name: auth_group; Type: TABLE DATA; Schema: public; Owner: postgres
--

COPY public.auth_group (id, name) FROM stdin;
\.


--
-- Data for Name: auth_group_permissions; Type: TABLE DATA; Schema: public; Owner: postgres
--

COPY public.auth_group_permissions (id, group_id, permission_id) FROM stdin;
\.


--
-- Data for Name: auth_permission; Type: TABLE DATA; Schema: public; Owner: postgres
--

COPY public.auth_permission (id, name, content_type_id, codename) FROM stdin;
1	Can add log entry	1	add_logentry
2	Can change log entry	1	change_logentry
3	Can delete log entry	1	delete_logentry
4	Can view log entry	1	view_logentry
5	Can add permission	3	add_permission
6	Can change permission	3	change_permission
7	Can delete permission	3	delete_permission
8	Can view permission	3	view_permission
9	Can add group	2	add_group
10	Can change group	2	change_group
11	Can delete group	2	delete_group
12	Can view group	2	view_group
13	Can add user	4	add_user
14	Can change user	4	change_user
15	Can delete user	4	delete_user
16	Can view user	4	view_user
17	Can add content type	5	add_contenttype
18	Can change content type	5	change_contenttype
19	Can delete content type	5	delete_contenttype
20	Can view content type	5	view_contenttype
21	Can add session	6	add_session
22	Can change session	6	change_session
23	Can delete session	6	delete_session
24	Can view session	6	view_session
25	Can add gift card	7	add_giftcard
26	Can change gift card	7	change_giftcard
27	Can delete gift card	7	delete_giftcard
28	Can view gift card	7	view_giftcard
29	Can add subscriber	9	add_subscriber
30	Can change subscriber	9	change_subscriber
31	Can delete subscriber	9	delete_subscriber
32	Can view subscriber	9	view_subscriber
33	Can add gift card redemption	8	add_giftcardredemption
34	Can change gift card redemption	8	change_giftcardredemption
35	Can delete gift card redemption	8	delete_giftcardredemption
36	Can view gift card redemption	8	view_giftcardredemption
37	Can add collection	10	add_collection
38	Can change collection	10	change_collection
39	Can delete collection	10	delete_collection
40	Can view collection	10	view_collection
41	Can add photo	11	add_photo
42	Can change photo	11	change_photo
43	Can delete photo	11	delete_photo
44	Can view photo	11	view_photo
45	Can add product variant	13	add_productvariant
46	Can change product variant	13	change_productvariant
47	Can delete product variant	13	delete_productvariant
48	Can view product variant	13	view_productvariant
49	Can add product	12	add_product
50	Can change product	12	change_product
51	Can delete product	12	delete_product
52	Can view product	12	view_product
53	Can add cart	14	add_cart
54	Can change cart	14	change_cart
55	Can delete cart	14	delete_cart
56	Can view cart	14	view_cart
57	Can add order	16	add_order
58	Can change order	16	change_order
59	Can delete order	16	delete_order
60	Can view order	16	view_order
61	Can add order item	17	add_orderitem
62	Can change order item	17	change_orderitem
63	Can delete order item	17	delete_orderitem
64	Can view order item	17	view_orderitem
65	Can add cart item	15	add_cartitem
66	Can change cart item	15	change_cartitem
67	Can delete cart item	15	delete_cartitem
68	Can view cart item	15	view_cartitem
69	Can add Wall Analysis	19	add_wallanalysis
70	Can change Wall Analysis	19	change_wallanalysis
71	Can delete Wall Analysis	19	delete_wallanalysis
72	Can view Wall Analysis	19	view_wallanalysis
73	Can add Saved Mockup	18	add_savedmockup
74	Can change Saved Mockup	18	change_savedmockup
75	Can delete Saved Mockup	18	delete_savedmockup
76	Can view Saved Mockup	18	view_savedmockup
\.


--
-- Data for Name: auth_user; Type: TABLE DATA; Schema: public; Owner: postgres
--

COPY public.auth_user (id, password, last_login, is_superuser, username, first_name, last_name, email, is_staff, is_active, date_joined) FROM stdin;
1	pbkdf2_sha256$1200000$MlNubs5DWT397wnzSe8pUg$eB4GMW/6BLbouuqqB12Pcr9f6b702hFPQkVfTiQFqSg=	2026-01-16 16:51:05.304581+00	t	mnraynor90@gmail.com			mnraynor90@gmail.com	t	t	2026-01-12 22:45:00.037726+00
\.


--
-- Data for Name: auth_user_groups; Type: TABLE DATA; Schema: public; Owner: postgres
--

COPY public.auth_user_groups (id, user_id, group_id) FROM stdin;
\.


--
-- Data for Name: auth_user_user_permissions; Type: TABLE DATA; Schema: public; Owner: postgres
--

COPY public.auth_user_user_permissions (id, user_id, permission_id) FROM stdin;
\.


--
-- Data for Name: catalog_collection; Type: TABLE DATA; Schema: public; Owner: postgres
--

COPY public.catalog_collection (id, name, slug, description, cover_image, is_limited_edition, display_order, is_active, created_at, updated_at) FROM stdin;
1	Shot From The Sea	shot-from-the-sea	Raw moments from my years as a commercial fisherman off the East End. These photographs capture life on the water before dawn, between hauls, and in weather that only working fishermen know. A document of the Hamptons most never see.	collections/Portside-2000.jpg	f	1	t	2026-01-12 23:51:04.15054+00	2026-01-13 02:16:54.348281+00
4	Above The East End	above-the-east-end		collections/Montauk_-2000.jpg	f	0	t	2026-01-14 18:23:27.175172+00	2026-01-14 18:23:27.175185+00
5	Travel Photography	travel-photography		collections/Santorini_Steps_-_2000.jpg	f	0	t	2026-01-14 22:20:10.089916+00	2026-01-14 22:20:10.089939+00
\.


--
-- Data for Name: catalog_photo; Type: TABLE DATA; Schema: public; Owner: postgres
--

COPY public.catalog_photo (id, title, slug, image, thumbnail, description, location, location_tag, orientation, date_taken, is_featured, is_active, created_at, updated_at, collection_id, image_height, image_width) FROM stdin;
8	Nor' Easter	nor-easter	photos/NorEaster_-_2000.jpg					H	\N	f	t	2026-01-14 02:02:33.79281+00	2026-01-14 02:02:33.792822+00	1	\N	\N
4	Calm Seas	calm-seas	photos/CalmSeas-2000_gIFjZ58.jpg	photos/thumbnails/CalmSeas-600_hyGsAld.jpg	This photo was taken aboard the F/V Mary Elizabeth while fishing for fluke between Montauk and Block Island. It was an incredibly calm day, but just a few days later, we rode out a tropical storm, stern-to, for three days as we headed south. On this trip, we were catching a limit of fluke for North Carolina. While you can catch the fish anywhere, they must be landed in specific states. So, even though we were fishing off the coast of New York, we had to steam all the way down to North Carolina to offload the catch.\r\n\r\nIt’s not uncommon for boats in New York to buy out-of-state permits, as New York doesn’t allow fishing vessels to land any significant amount of fish other than squid. This forces boats to travel great distances to land finfish. These permits are extremely expensive, and the rising cost of doing business is crushing many fishermen’s livelihoods.			H	\N	f	t	2026-01-13 02:23:55.038507+00	2026-01-14 01:52:52.799303+00	1	\N	\N
5	Beaufort Shrimp Boats	beaufort-shrimp-boats	photos/Beaufort-2000.jpg	photos/thumbnails/Beaufort-600.jpg	After spending a few days rocking around in the wind and swells of the Atlantic, we finally rounded Cape Hatteras. From there, we changed course towards Cape Lookout, and after a night at anchor, we entered Beaufort Harbor. We tied up at Fultures Dock the next day and spent the entirety of it offloading fluke from our fully loaded fish hold. The Fultures have a fleet of pristine 90-foot shrimp boats, which are also equipped for catching sea scallops.\r\n\r\nI believe we were leaving on the *Mary Elizabeth* when this photo was taken. We had a three-day steam back home. On the way down, we got caught in a tropical storm. With the wind on our stern, we made great time, but on the way back, we had to beat into it, which slowed us down considerably. We were so close to the Gulf Stream that flying fish were everywhere. One night on watch, I stepped onto the deck, and a flying fish landed in a fish basket. I didn’t realize we were already in tropical waters, so it caught me by surprise.			H	\N	f	t	2026-01-14 01:55:25.179967+00	2026-01-14 01:55:25.179979+00	1	\N	\N
6	Buoy-8	buoy-8	photos/Buoy-8-2000.jpg	photos/thumbnails/Buoy-8-600_P7e33FJ.jpg	I took this photo, "Buoy 8," from my small shellfish boat. While I spent most of my time offshore on large fishing vessels, I would often spend my off-time on Shinnecock Bay. I had rebuilt an old 19 ft Mako for commercial clamming and bay scalloping, customizing it to make manual shellfish gathering more efficient. Using mechanical means is forbidden to protect the shellfish population, so everything is done the old-school way.\r\n\r\nClamming and scalloping are physically demanding. For clamming, boats drift with the wind and tide, while the fishermen pull a rake head through the mud, gathering clams in the rake as they drift. The clams are then pulled up from the bottom with an attached aluminum pole. The work is exhausting, as you're exposed to the elements, engaged in hard manual labor. Once sorted and bagged, the clams are brought to market fresh.\r\n\r\nBay scallop season opens in November. For scalloping, custom dredges are dragged behind the boat, gathering scallops as the boat spirals around. The dredges are pulled from the bottom to the cull board, where undersized scallops and those without a yearly growth ring are discarded, helping to maintain the population. \r\n\r\nIn recent years, however, "Red Tide" has decimated the shellfish stock. Nitrate runoff and pollution have fueled the die-off, devastating what was once a plentiful population of wild Long Island bay scallops.			H	\N	f	t	2026-01-14 01:57:49.57833+00	2026-01-14 01:57:49.578343+00	1	\N	\N
9	Portside	portside	photos/Portside-2000_6XDitbh.jpg	photos/thumbnails/Portside-600_gjz1zBR.jpg				H	\N	f	t	2026-01-14 02:04:36.883576+00	2026-01-14 02:04:36.883591+00	1	\N	\N
10	Steaming	steaming	photos/Steaming-2000.jpg	photos/thumbnails/Steaming-600.jpg	Taken in 2017 during a tropical storm, we were aboard the *Mary Elizabeth* steaming down to Beaufort, North Carolina with a limit of fluke we’d caught off the coast of—well, it doesn’t matter. I was on watch in the wheelhouse while my friend Scott Berglin and his father were sleeping. It took me three hours in driving rain to capture this shot. I was soaked, and so was my camera. I waited patiently for the perfect wave to hit the side of the boat and rear up. The wind and waves were on our stern, helping us make great time down to Virginia. I still remember how excited I was when we hit 10 knots that night.\r\n\r\nGoing through rough weather is something I’ve always enjoyed—even though it makes work tough, it brings a sense of wonder and excitement. You realize how powerless you are out on the great sea, at the mercy of mother nature.			H	\N	f	t	2026-01-14 02:06:18.272911+00	2026-01-14 02:06:18.272924+00	1	\N	\N
11	Terri Sue	terri-sue	photos/TerriSue_-_2000.jpg	photos/thumbnails/TerriSue_-_600.jpg				H	\N	f	t	2026-01-14 02:09:11.013619+00	2026-01-14 02:09:11.013634+00	1	\N	\N
23	Tiana	tiana	photos/Tiana-2000_Cohy0it.jpg	photos/thumbnails/Tiana-600_IuCcmYD.jpg				H	\N	f	t	2026-01-14 18:47:25.19237+00	2026-01-14 20:24:51.280857+00	4	1332	2000
17	Montauk Light House	montauk-light-house	photos/Montauk_-2000_jHQFQ3y.jpg	photos/thumbnails/Montauk-600_GGOU4F7.jpg				H	\N	f	t	2026-01-14 18:34:57.549688+00	2026-01-14 20:30:40.276779+00	4	1371	2000
22	Shinnecock Bay	shinnecock-bay	photos/ShinnecockBay-2000_oZlyZHE.jpg	photos/thumbnails/ShinnecockBay-600_I3WkQIU.jpg				H	\N	f	t	2026-01-14 18:46:45.345629+00	2026-01-14 20:27:14.63966+00	4	1332	2000
21	Red Church	red-church	photos/RedChurch_-2000_GtudFdS.jpg	photos/thumbnails/RedChurch-600_P4a32SX.jpg				H	\N	f	t	2026-01-14 18:46:02.520814+00	2026-01-14 20:27:48.725934+00	4	1332	2000
20	North Fork Farm	north-fork-farm	photos/North-Fork-Farm-2000_t0M5Orm.jpg	photos/thumbnails/North-Fork-Farm-600_AieMIQp.jpg				H	\N	f	t	2026-01-14 18:45:11.290174+00	2026-01-14 20:28:28.205008+00	4	1491	2000
18	North Sea Harbor	north-sea-harbor	photos/NorSeaHarbor-2000_9W6Ldy8.jpg	photos/thumbnails/NorSeaHarbor-600_3Z50nEC.jpg				H	\N	f	t	2026-01-14 18:35:45.090864+00	2026-01-14 20:30:10.64941+00	4	1498	2000
19	Red Cedar Point	red-cedar-point	photos/RedCedarPt-2000_lHJp9MP.jpg	photos/thumbnails/RedCedarpt-600_2P6vxBv.jpg				H	\N	f	t	2026-01-14 18:40:41.760412+00	2026-01-14 20:29:20.474909+00	4	1332	2000
16	National Wind Mill	national-wind-mill	photos/Golf-2000_JNP0Llw.jpg	photos/thumbnails/Golf-600_HAxC1QY.jpg				H	\N	f	t	2026-01-14 18:34:02.939182+00	2026-01-14 20:31:19.07706+00	4	1371	2000
15	North Sea Carnival	north-sea-carnival	photos/Carnival-2000_GmHmYVs.jpg	photos/thumbnails/Carnival-600_SZcaYsP.jpg				H	\N	f	t	2026-01-14 18:31:42.077634+00	2026-01-14 20:31:51.807661+00	4	1498	2000
14	Bug Light	bug-light	photos/BugLight_-2000_yUtLQvn.jpg	photos/thumbnails/BugLight-600_33mbmLk.jpg				H	\N	f	t	2026-01-14 18:30:33.504101+00	2026-01-14 20:32:28.466924+00	4	1371	2000
13	Board Walk	board-walk	photos/Boardwalk-2000_RpDUTaA.jpg	photos/thumbnails/Boardwalk-600_ood2Bmq.jpg				H	\N	f	t	2026-01-14 18:29:56.868713+00	2026-01-14 20:32:58.297356+00	4	1371	2000
12	Beautiful Birch	beautiful-birch	photos/BeautifulBirch-2000_bJhGbf6.jpg	photos/thumbnails/BeautifulBirch-600_sk2euhk.jpg				H	\N	f	t	2026-01-14 18:24:35.882919+00	2026-01-14 20:33:27.014047+00	4	1371	2000
24	Bryce	bryce	photos/Bryce_-_2000.jpg	photos/thumbnails/Bryce_-_600.jpg				H	\N	f	t	2026-01-14 23:00:45.365192+00	2026-01-14 23:00:45.365202+00	5	1333	2000
26	Grand Teton	grand-teton	photos/Grand_Teton_-_2000.jpg	photos/thumbnails/Grand_Teton_-_600.jpg				H	\N	f	t	2026-01-14 23:02:12.223118+00	2026-01-14 23:02:12.223133+00	5	1333	2000
27	Grand Teton Haze	grand-teton-haze	photos/Grand_Teton_Haze_-_2000.jpg	photos/thumbnails/Grand_Teton_Haze_-_600.jpg				H	\N	f	t	2026-01-14 23:03:08.721219+00	2026-01-14 23:03:08.721234+00	5	867	2000
28	Greek Church	greek-church	photos/Greek_Church_-_2000.jpg	photos/thumbnails/Greek_Church_-_600.jpg				V	\N	f	t	2026-01-14 23:03:49.200153+00	2026-01-14 23:07:52.960694+00	5	2000	1333
25	Cambodian Ferry	cambodian-ferry	photos/Cambodian_Ferry_-_2000.jpg	photos/thumbnails/Cambodian_Ferry__-_600.jpg				V	\N	f	t	2026-01-14 23:01:32.936075+00	2026-01-14 23:08:24.254498+00	5	1371	2000
30	Roadside Template	roadside-template	photos/Roadside_Temple_-_2000.jpg	photos/thumbnails/Roadside_Temple_-_600.jpg				H	\N	f	t	2026-01-14 23:09:25.943246+00	2026-01-14 23:09:25.943259+00	5	1546	2000
31	Santorini Stairs	santorini-stairs	photos/Santorini_Stairs_-_2000.jpg	photos/thumbnails/Santorini_Stairs_-_600.jpg				H	\N	f	t	2026-01-14 23:10:29.511032+00	2026-01-14 23:10:29.511046+00	5	1333	2000
32	Santorini Steps	santorini-steps	photos/Santorini_Steps_-_2000.jpg	photos/thumbnails/Santorini_Steps_-_600.jpg				H	\N	f	t	2026-01-14 23:11:05.656641+00	2026-01-14 23:11:05.656652+00	5	1371	2000
33	Sedona	sedona	photos/Sedona_-_2000.jpg	photos/thumbnails/Sedona_-_600.jpg				H	\N	f	t	2026-01-14 23:11:44.636208+00	2026-01-14 23:11:44.636224+00	5	1371	2000
29	Linh Phuoc Pagoda	linh-phuoc-pagoda	photos/Linh_Phuoc_Pagoda_-_2000_X5jR02n.jpg	photos/thumbnails/Linh_Phuoc_Pagoda_-_600.jpg	Linh Phuoc Pagoda is located about 8 km from Da Lat, a city in the central highlands of Vietnam. Da Lat itself sits at around 5,000 feet, making it much cooler than the coastal regions. The city is surrounded by beautiful pine trees and is fittingly called "The City of Eternal Spring." It's a major agricultural area, and one of the cool tourist spots we visited was a tea field. The area is also dotted with flower fields, making it a pretty scenic place. Riding my scooter, I saw flowers at nearly every turn—a peaceful break from the hustle and bustle of Vietnam's coastal areas.\r\n\r\nI had arrived in Ho Chi Minh City a week or two earlier, and that place can hit you with serious culture shock. The streets are jam-packed with men and women on scooters, people everywhere, making it overwhelming for someone like me, who's more used to wide open spaces. Even crossing the street feels like an impossible task at first. But with a bit of nerve and determination, I learned that once you step off the curb, the scooters magically weave right around you.\r\n\r\nAnd, of course, when you're in Asia, you've got to get yourself a scooter and start exploring. There’s so much to see just cruising down the road. I remember being in Vung Tau when I first witnessed something that defied the laws of physics. A man was riding a scooter with two massive—I'm talking 4-foot-tall—handcrafted and painted clay vases strapped to either side of his bike. He had no problem navigating the crowded and chaotic streets. It was a miracle that he was managing without shattering those glossy masterpieces. You see things like this all over the place here. Apparently, you can carry just about anything on a scooter—bags of vegetables, enough groceries for a family of ten, ornamental orange trees, handcrafted marble statues—you name it.\r\n\r\nThis was all news to me, but it’s exactly why I was there. This being my first extended overseas trip, I soaked up all the cultural differences.			V	\N	f	t	2026-01-14 23:05:33.97644+00	2026-01-14 23:30:39.721478+00	5	2000	1500
7	Mary Elizabeth	mary-elizabeth	photos/MaryElizabeth-BW-2000.jpg	photos/thumbnails/MaryElizabeth-BW-600.jpg	"Mary Elizabeth" was taken on an average day somewhere in the North Atlantic. The rusty net reel and gunnels have since been replaced, and this photo serves as the last vestige of that moment in my life. Like most other seemingly uneventful days, details fade and dissolve with time, eventually lost forever. But I’m lucky enough to have it immortalized in this image. While progress has replaced much of the back of the boat—the net reel, the gunnels—I’m grateful for this snapshot of my past. Fishing was something I thought I’d always be able to do; I could have never guessed what destiny had in store. And because of that, I’m more appreciative of memories like these and the nostalgia that comes with time spent at sea.\r\n\r\nLooking at this photo, a wave of nostalgia hits, bringing back happy images and short clips from the past. Little moments that seemed unimportant at the time are now priceless pieces of my personal history. Like learning to cook over-easy eggs for the first time, finally mastering it on the skillet while the boat rocked. I can still see myself handing a paper plate with one perfectly cooked egg on a piece of toasted white bread up the galley steps to the captain. We had backyard eggs—it was a big deal. Another memory flickers: I’m on the deck of the *Mary Elizabeth*, off the shores of Nantucket. It’s July. It’s hot. We’re on day four of a very unsuccessful fishing trip. A large boulder sits in the middle of the fish pen—a boulder where a pile of fish should be, marking the end of the trip and sinking morale. I remember the boat speeding toward port in defeat, the wind offering a small relief from the oppressive heat.\r\n\r\n I’m at the dock, hiding behind my sunglasses, still half-cocked from the night before. I catch a bucket and lower it into the fish hold, banging against the steel as it descends to the man sent by the squid processor. I signal, then haul up the now-loaded squid barrel. Cigarette smoke wafts by as I push the bucket toward Scott, who’s up on the dock catching and dumping it into a big hopper, briny salt water spilling out. His father operates the boom, and we work in sync with signals and body language. The scene is noisy, machines humming all around.\r\n\r\nThat summer, I didn’t bother installing an air conditioner, so I got used to sleeping naked. One morning, I woke up for work, still drunk and naked from the night before, assuming no harm, no foul. But weeks later, I learned I had climbed into my bunk completely nude and—well, there’s no polite way to put this—ended up dangling my balls in the captain’s face as I clambered up. Just a drunken accident, but still... not exactly a highlight. We laugh about it to this day. Years later, we’re still cracking up about the adventures at George’s seaside restaurant. I spent many warm summer nights there—and a few cold winter ones too, but that was years later on a different boat, at a different time. Same restaurant, though, but with no hangovers and a much bigger boat. Maybe a story for another time.			H	\N	f	t	2026-01-14 02:00:55.127956+00	2026-01-16 23:24:53.108715+00	1	1333	2000
34	Viking Pride	viking-pride	photos/Viking-Pride-2000_q0B7nsS.jpg	photos/thumbnails/Viking-Pride-600_hdpRVmi.jpg				V	\N	f	t	2026-01-18 19:09:37.447998+00	2026-01-18 19:20:15.584016+00	1	2000	1333
\.


--
-- Data for Name: catalog_product; Type: TABLE DATA; Schema: public; Owner: postgres
--

COPY public.catalog_product (id, title, slug, product_type, description, long_description, image, additional_images, price, compare_at_price, sku, weight_oz, stock_quantity, track_inventory, is_featured, is_active, author, publisher, publication_year, pages, dimensions, isbn, created_at, updated_at) FROM stdin;
\.


--
-- Data for Name: catalog_productvariant; Type: TABLE DATA; Schema: public; Owner: postgres
--

COPY public.catalog_productvariant (id, size, material, price, width_inches, height_inches, is_available, aluminyze_sku, created_at, updated_at, photo_id) FROM stdin;
78	40x30	aluminum	1850.00	40	30	t		2026-01-14 23:12:06.385929+00	2026-01-14 23:12:06.385937+00	26
2	19x13	paper	250.00	19	13	t		2026-01-13 17:45:57.225798+00	2026-01-13 17:45:57.225814+00	4
1	14x11	paper	175.00	14	11	t		2026-01-13 02:26:30.328773+00	2026-01-14 01:52:52.800774+00	4
3	14 x 11	paper	175.00	14	11	t		2026-01-14 01:55:25.182019+00	2026-01-14 01:55:25.18203+00	5
4	19 x 13	paper	250.00	19	13	t		2026-01-14 01:55:25.18381+00	2026-01-14 01:55:25.183821+00	5
5	14 x 11	paper	175.00	14	11	t		2026-01-14 01:57:49.580069+00	2026-01-14 01:57:49.58008+00	6
6	19 x 13	paper	250.00	19	13	t		2026-01-14 01:57:49.581789+00	2026-01-14 01:57:49.581799+00	6
7	14 x 11	paper	175.00	14	11	t		2026-01-14 02:00:55.131727+00	2026-01-14 02:00:55.131741+00	7
8	19 x 13	paper	250.00	19	13	t		2026-01-14 02:00:55.133457+00	2026-01-14 02:00:55.133469+00	7
9	14 x 11	paper	175.00	14	11	t		2026-01-14 02:02:33.795391+00	2026-01-14 02:02:33.795404+00	8
10	19 x 13	paper	250.00	19	13	t		2026-01-14 02:02:33.797793+00	2026-01-14 02:02:33.797804+00	8
11	14 x 11	paper	175.00	14	11	t		2026-01-14 02:04:36.885122+00	2026-01-14 02:04:36.88513+00	9
12	19 x 13	paper	250.00	19	13	t		2026-01-14 02:04:36.88743+00	2026-01-14 02:04:36.887437+00	9
13	14 x 11	paper	175.00	14	11	t		2026-01-14 02:06:18.275182+00	2026-01-14 02:06:18.275193+00	10
14	19 x 13	paper	250.00	19	13	t		2026-01-14 02:06:18.276799+00	2026-01-14 02:06:18.276808+00	10
15	14 x 11	paper	175.00	14	11	t		2026-01-14 02:09:11.016624+00	2026-01-14 02:09:11.016638+00	11
16	19 x 13	paper	250.00	19	13	t		2026-01-14 02:09:11.018177+00	2026-01-14 02:09:11.018187+00	11
17	14x11	paper	175.00	14	11	t		2026-01-14 23:12:06.167488+00	2026-01-14 23:12:06.167502+00	33
18	19x13	paper	250.00	19	13	t		2026-01-14 23:12:06.174217+00	2026-01-14 23:12:06.174231+00	33
19	24x16	aluminum	675.00	24	16	t		2026-01-14 23:12:06.178504+00	2026-01-14 23:12:06.178515+00	33
20	30x20	aluminum	995.00	30	20	t		2026-01-14 23:12:06.182553+00	2026-01-14 23:12:06.182564+00	33
21	36x24	aluminum	1350.00	36	24	t		2026-01-14 23:12:06.186753+00	2026-01-14 23:12:06.186766+00	33
22	40x30	aluminum	1850.00	40	30	t		2026-01-14 23:12:06.19046+00	2026-01-14 23:12:06.190471+00	33
23	45x30	aluminum	2150.00	45	30	t		2026-01-14 23:12:06.194326+00	2026-01-14 23:12:06.194339+00	33
24	60x40	aluminum	3400.00	60	40	t		2026-01-14 23:12:06.198183+00	2026-01-14 23:12:06.198197+00	33
25	14x11	paper	175.00	14	11	t		2026-01-14 23:12:06.201982+00	2026-01-14 23:12:06.201994+00	32
26	19x13	paper	250.00	19	13	t		2026-01-14 23:12:06.205941+00	2026-01-14 23:12:06.205952+00	32
27	24x16	aluminum	675.00	24	16	t		2026-01-14 23:12:06.209734+00	2026-01-14 23:12:06.209746+00	32
28	30x20	aluminum	995.00	30	20	t		2026-01-14 23:12:06.213287+00	2026-01-14 23:12:06.213298+00	32
29	36x24	aluminum	1350.00	36	24	t		2026-01-14 23:12:06.216732+00	2026-01-14 23:12:06.216742+00	32
30	40x30	aluminum	1850.00	40	30	t		2026-01-14 23:12:06.220756+00	2026-01-14 23:12:06.220768+00	32
31	45x30	aluminum	2150.00	45	30	t		2026-01-14 23:12:06.224222+00	2026-01-14 23:12:06.224232+00	32
32	60x40	aluminum	3400.00	60	40	t		2026-01-14 23:12:06.227521+00	2026-01-14 23:12:06.22753+00	32
33	14x11	paper	175.00	14	11	t		2026-01-14 23:12:06.230889+00	2026-01-14 23:12:06.2309+00	31
34	19x13	paper	250.00	19	13	t		2026-01-14 23:12:06.235463+00	2026-01-14 23:12:06.235475+00	31
35	24x16	aluminum	675.00	24	16	t		2026-01-14 23:12:06.239467+00	2026-01-14 23:12:06.239477+00	31
36	30x20	aluminum	995.00	30	20	t		2026-01-14 23:12:06.243212+00	2026-01-14 23:12:06.24322+00	31
37	36x24	aluminum	1350.00	36	24	t		2026-01-14 23:12:06.247216+00	2026-01-14 23:12:06.247228+00	31
38	40x30	aluminum	1850.00	40	30	t		2026-01-14 23:12:06.251206+00	2026-01-14 23:12:06.251219+00	31
39	45x30	aluminum	2150.00	45	30	t		2026-01-14 23:12:06.255246+00	2026-01-14 23:12:06.255259+00	31
40	60x40	aluminum	3400.00	60	40	t		2026-01-14 23:12:06.258923+00	2026-01-14 23:12:06.258934+00	31
41	14x11	paper	175.00	14	11	t		2026-01-14 23:12:06.262288+00	2026-01-14 23:12:06.2623+00	30
42	19x13	paper	250.00	19	13	t		2026-01-14 23:12:06.265592+00	2026-01-14 23:12:06.2656+00	30
43	24x16	aluminum	675.00	24	16	t		2026-01-14 23:12:06.269105+00	2026-01-14 23:12:06.269115+00	30
44	30x20	aluminum	995.00	30	20	t		2026-01-14 23:12:06.272302+00	2026-01-14 23:12:06.272312+00	30
45	36x24	aluminum	1350.00	36	24	t		2026-01-14 23:12:06.275211+00	2026-01-14 23:12:06.275218+00	30
46	40x30	aluminum	1850.00	40	30	t		2026-01-14 23:12:06.278621+00	2026-01-14 23:12:06.278629+00	30
47	45x30	aluminum	2150.00	45	30	t		2026-01-14 23:12:06.282281+00	2026-01-14 23:12:06.282292+00	30
48	60x40	aluminum	3400.00	60	40	t		2026-01-14 23:12:06.286266+00	2026-01-14 23:12:06.286277+00	30
49	14x11	paper	175.00	14	11	t		2026-01-14 23:12:06.28983+00	2026-01-14 23:12:06.289839+00	29
50	19x13	paper	250.00	19	13	t		2026-01-14 23:12:06.293079+00	2026-01-14 23:12:06.293086+00	29
51	24x16	aluminum	675.00	24	16	t		2026-01-14 23:12:06.296322+00	2026-01-14 23:12:06.29633+00	29
52	30x20	aluminum	995.00	30	20	t		2026-01-14 23:12:06.30058+00	2026-01-14 23:12:06.300589+00	29
53	36x24	aluminum	1350.00	36	24	t		2026-01-14 23:12:06.303677+00	2026-01-14 23:12:06.303685+00	29
54	40x30	aluminum	1850.00	40	30	t		2026-01-14 23:12:06.307179+00	2026-01-14 23:12:06.307189+00	29
55	45x30	aluminum	2150.00	45	30	t		2026-01-14 23:12:06.311561+00	2026-01-14 23:12:06.311571+00	29
56	60x40	aluminum	3400.00	60	40	t		2026-01-14 23:12:06.314966+00	2026-01-14 23:12:06.314975+00	29
57	14x11	paper	175.00	14	11	t		2026-01-14 23:12:06.31837+00	2026-01-14 23:12:06.31838+00	28
58	19x13	paper	250.00	19	13	t		2026-01-14 23:12:06.321725+00	2026-01-14 23:12:06.321735+00	28
59	24x16	aluminum	675.00	24	16	t		2026-01-14 23:12:06.32501+00	2026-01-14 23:12:06.32502+00	28
60	30x20	aluminum	995.00	30	20	t		2026-01-14 23:12:06.328218+00	2026-01-14 23:12:06.328227+00	28
61	36x24	aluminum	1350.00	36	24	t		2026-01-14 23:12:06.331559+00	2026-01-14 23:12:06.331568+00	28
62	40x30	aluminum	1850.00	40	30	t		2026-01-14 23:12:06.335329+00	2026-01-14 23:12:06.335338+00	28
63	45x30	aluminum	2150.00	45	30	t		2026-01-14 23:12:06.339199+00	2026-01-14 23:12:06.339207+00	28
64	60x40	aluminum	3400.00	60	40	t		2026-01-14 23:12:06.342391+00	2026-01-14 23:12:06.3424+00	28
65	14x11	paper	175.00	14	11	t		2026-01-14 23:12:06.345821+00	2026-01-14 23:12:06.345831+00	27
66	19x13	paper	250.00	19	13	t		2026-01-14 23:12:06.348793+00	2026-01-14 23:12:06.348803+00	27
67	24x16	aluminum	675.00	24	16	t		2026-01-14 23:12:06.352111+00	2026-01-14 23:12:06.35212+00	27
68	30x20	aluminum	995.00	30	20	t		2026-01-14 23:12:06.355782+00	2026-01-14 23:12:06.355793+00	27
69	36x24	aluminum	1350.00	36	24	t		2026-01-14 23:12:06.359256+00	2026-01-14 23:12:06.359265+00	27
70	40x30	aluminum	1850.00	40	30	t		2026-01-14 23:12:06.362121+00	2026-01-14 23:12:06.362129+00	27
71	45x30	aluminum	2150.00	45	30	t		2026-01-14 23:12:06.364628+00	2026-01-14 23:12:06.364635+00	27
72	60x40	aluminum	3400.00	60	40	t		2026-01-14 23:12:06.3671+00	2026-01-14 23:12:06.367107+00	27
73	14x11	paper	175.00	14	11	t		2026-01-14 23:12:06.370099+00	2026-01-14 23:12:06.370106+00	26
74	19x13	paper	250.00	19	13	t		2026-01-14 23:12:06.373028+00	2026-01-14 23:12:06.373038+00	26
75	24x16	aluminum	675.00	24	16	t		2026-01-14 23:12:06.376052+00	2026-01-14 23:12:06.376061+00	26
76	30x20	aluminum	995.00	30	20	t		2026-01-14 23:12:06.379261+00	2026-01-14 23:12:06.379422+00	26
77	36x24	aluminum	1350.00	36	24	t		2026-01-14 23:12:06.38268+00	2026-01-14 23:12:06.382688+00	26
79	45x30	aluminum	2150.00	45	30	t		2026-01-14 23:12:06.389061+00	2026-01-14 23:12:06.38907+00	26
80	60x40	aluminum	3400.00	60	40	t		2026-01-14 23:12:06.391926+00	2026-01-14 23:12:06.391935+00	26
81	14x11	paper	175.00	14	11	t		2026-01-14 23:12:06.395315+00	2026-01-14 23:12:06.395324+00	25
82	19x13	paper	250.00	19	13	t		2026-01-14 23:12:06.398857+00	2026-01-14 23:12:06.398866+00	25
83	24x16	aluminum	675.00	24	16	t		2026-01-14 23:12:06.402028+00	2026-01-14 23:12:06.402036+00	25
84	30x20	aluminum	995.00	30	20	t		2026-01-14 23:12:06.405146+00	2026-01-14 23:12:06.405155+00	25
85	36x24	aluminum	1350.00	36	24	t		2026-01-14 23:12:06.409249+00	2026-01-14 23:12:06.409258+00	25
86	40x30	aluminum	1850.00	40	30	t		2026-01-14 23:12:06.413793+00	2026-01-14 23:12:06.413803+00	25
87	45x30	aluminum	2150.00	45	30	t		2026-01-14 23:12:06.417364+00	2026-01-14 23:12:06.417373+00	25
88	60x40	aluminum	3400.00	60	40	t		2026-01-14 23:12:06.42093+00	2026-01-14 23:12:06.420939+00	25
89	14x11	paper	175.00	14	11	t		2026-01-14 23:12:06.424676+00	2026-01-14 23:12:06.424687+00	24
90	19x13	paper	250.00	19	13	t		2026-01-14 23:12:06.431094+00	2026-01-14 23:12:06.431108+00	24
91	24x16	aluminum	675.00	24	16	t		2026-01-14 23:12:06.4355+00	2026-01-14 23:12:06.435524+00	24
92	30x20	aluminum	995.00	30	20	t		2026-01-14 23:12:06.438836+00	2026-01-14 23:12:06.438847+00	24
93	36x24	aluminum	1350.00	36	24	t		2026-01-14 23:12:06.442457+00	2026-01-14 23:12:06.442469+00	24
94	40x30	aluminum	1850.00	40	30	t		2026-01-14 23:12:06.446689+00	2026-01-14 23:12:06.4467+00	24
95	45x30	aluminum	2150.00	45	30	t		2026-01-14 23:12:06.450493+00	2026-01-14 23:12:06.450504+00	24
96	60x40	aluminum	3400.00	60	40	t		2026-01-14 23:12:06.453943+00	2026-01-14 23:12:06.453951+00	24
97	14x11	paper	175.00	14	11	t		2026-01-14 23:12:06.457166+00	2026-01-14 23:12:06.457176+00	23
98	19x13	paper	250.00	19	13	t		2026-01-14 23:12:06.460694+00	2026-01-14 23:12:06.460702+00	23
99	24x16	aluminum	675.00	24	16	t		2026-01-14 23:12:06.463953+00	2026-01-14 23:12:06.463962+00	23
100	30x20	aluminum	995.00	30	20	t		2026-01-14 23:12:06.466936+00	2026-01-14 23:12:06.466943+00	23
101	36x24	aluminum	1350.00	36	24	t		2026-01-14 23:12:06.470634+00	2026-01-14 23:12:06.470644+00	23
102	40x30	aluminum	1850.00	40	30	t		2026-01-14 23:12:06.474069+00	2026-01-14 23:12:06.474077+00	23
103	45x30	aluminum	2150.00	45	30	t		2026-01-14 23:12:06.477686+00	2026-01-14 23:12:06.477697+00	23
104	60x40	aluminum	3400.00	60	40	t		2026-01-14 23:12:06.481357+00	2026-01-14 23:12:06.481369+00	23
105	14x11	paper	175.00	14	11	t		2026-01-14 23:12:06.485567+00	2026-01-14 23:12:06.48558+00	22
106	19x13	paper	250.00	19	13	t		2026-01-14 23:12:06.49142+00	2026-01-14 23:12:06.491436+00	22
107	24x16	aluminum	675.00	24	16	t		2026-01-14 23:12:06.497605+00	2026-01-14 23:12:06.497619+00	22
108	30x20	aluminum	995.00	30	20	t		2026-01-14 23:12:06.501571+00	2026-01-14 23:12:06.501588+00	22
109	36x24	aluminum	1350.00	36	24	t		2026-01-14 23:12:06.50604+00	2026-01-14 23:12:06.506052+00	22
110	40x30	aluminum	1850.00	40	30	t		2026-01-14 23:12:06.512483+00	2026-01-14 23:12:06.512494+00	22
111	45x30	aluminum	2150.00	45	30	t		2026-01-14 23:12:06.517114+00	2026-01-14 23:12:06.517128+00	22
112	60x40	aluminum	3400.00	60	40	t		2026-01-14 23:12:06.520426+00	2026-01-14 23:12:06.520438+00	22
113	14x11	paper	175.00	14	11	t		2026-01-14 23:12:06.52592+00	2026-01-14 23:12:06.525933+00	21
114	19x13	paper	250.00	19	13	t		2026-01-14 23:12:06.529627+00	2026-01-14 23:12:06.529639+00	21
115	24x16	aluminum	675.00	24	16	t		2026-01-14 23:12:06.533022+00	2026-01-14 23:12:06.533034+00	21
116	30x20	aluminum	995.00	30	20	t		2026-01-14 23:12:06.53815+00	2026-01-14 23:12:06.538166+00	21
117	36x24	aluminum	1350.00	36	24	t		2026-01-14 23:12:06.542418+00	2026-01-14 23:12:06.542433+00	21
118	40x30	aluminum	1850.00	40	30	t		2026-01-14 23:12:06.546751+00	2026-01-14 23:12:06.546765+00	21
119	45x30	aluminum	2150.00	45	30	t		2026-01-14 23:12:06.550891+00	2026-01-14 23:12:06.550905+00	21
120	60x40	aluminum	3400.00	60	40	t		2026-01-14 23:12:06.554906+00	2026-01-14 23:12:06.554922+00	21
121	14x11	paper	175.00	14	11	t		2026-01-14 23:12:06.558553+00	2026-01-14 23:12:06.558567+00	20
122	19x13	paper	250.00	19	13	t		2026-01-14 23:12:06.562286+00	2026-01-14 23:12:06.562299+00	20
123	24x16	aluminum	675.00	24	16	t		2026-01-14 23:12:06.566281+00	2026-01-14 23:12:06.566295+00	20
124	30x20	aluminum	995.00	30	20	t		2026-01-14 23:12:06.570128+00	2026-01-14 23:12:06.570142+00	20
125	36x24	aluminum	1350.00	36	24	t		2026-01-14 23:12:06.575914+00	2026-01-14 23:12:06.575931+00	20
126	40x30	aluminum	1850.00	40	30	t		2026-01-14 23:12:06.58025+00	2026-01-14 23:12:06.580265+00	20
127	45x30	aluminum	2150.00	45	30	t		2026-01-14 23:12:06.584412+00	2026-01-14 23:12:06.584425+00	20
128	60x40	aluminum	3400.00	60	40	t		2026-01-14 23:12:06.589133+00	2026-01-14 23:12:06.589144+00	20
129	14x11	paper	175.00	14	11	t		2026-01-14 23:12:06.593031+00	2026-01-14 23:12:06.593042+00	19
130	19x13	paper	250.00	19	13	t		2026-01-14 23:12:06.598134+00	2026-01-14 23:12:06.598145+00	19
131	24x16	aluminum	675.00	24	16	t		2026-01-14 23:12:06.601636+00	2026-01-14 23:12:06.601647+00	19
132	30x20	aluminum	995.00	30	20	t		2026-01-14 23:12:06.60611+00	2026-01-14 23:12:06.606123+00	19
133	36x24	aluminum	1350.00	36	24	t		2026-01-14 23:12:06.612252+00	2026-01-14 23:12:06.612267+00	19
134	40x30	aluminum	1850.00	40	30	t		2026-01-14 23:12:06.617355+00	2026-01-14 23:12:06.617369+00	19
135	45x30	aluminum	2150.00	45	30	t		2026-01-14 23:12:06.623191+00	2026-01-14 23:12:06.623202+00	19
136	60x40	aluminum	3400.00	60	40	t		2026-01-14 23:12:06.627776+00	2026-01-14 23:12:06.627786+00	19
137	14x11	paper	175.00	14	11	t		2026-01-14 23:12:06.631583+00	2026-01-14 23:12:06.631593+00	18
138	19x13	paper	250.00	19	13	t		2026-01-14 23:12:06.636623+00	2026-01-14 23:12:06.636637+00	18
139	24x16	aluminum	675.00	24	16	t		2026-01-14 23:12:06.640423+00	2026-01-14 23:12:06.640434+00	18
140	30x20	aluminum	995.00	30	20	t		2026-01-14 23:12:06.643884+00	2026-01-14 23:12:06.643896+00	18
141	36x24	aluminum	1350.00	36	24	t		2026-01-14 23:12:06.647508+00	2026-01-14 23:12:06.647518+00	18
142	40x30	aluminum	1850.00	40	30	t		2026-01-14 23:12:06.651342+00	2026-01-14 23:12:06.651355+00	18
143	45x30	aluminum	2150.00	45	30	t		2026-01-14 23:12:06.654623+00	2026-01-14 23:12:06.654634+00	18
144	60x40	aluminum	3400.00	60	40	t		2026-01-14 23:12:06.658062+00	2026-01-14 23:12:06.658072+00	18
145	14x11	paper	175.00	14	11	t		2026-01-14 23:12:06.661739+00	2026-01-14 23:12:06.66175+00	17
146	19x13	paper	250.00	19	13	t		2026-01-14 23:12:06.671724+00	2026-01-14 23:12:06.671734+00	17
147	24x16	aluminum	675.00	24	16	t		2026-01-14 23:12:06.675792+00	2026-01-14 23:12:06.675802+00	17
148	30x20	aluminum	995.00	30	20	t		2026-01-14 23:12:06.684936+00	2026-01-14 23:12:06.684951+00	17
149	36x24	aluminum	1350.00	36	24	t		2026-01-14 23:12:06.688977+00	2026-01-14 23:12:06.688989+00	17
150	40x30	aluminum	1850.00	40	30	t		2026-01-14 23:12:06.692607+00	2026-01-14 23:12:06.692619+00	17
151	45x30	aluminum	2150.00	45	30	t		2026-01-14 23:12:06.695907+00	2026-01-14 23:12:06.695917+00	17
152	60x40	aluminum	3400.00	60	40	t		2026-01-14 23:12:06.698868+00	2026-01-14 23:12:06.698876+00	17
153	14x11	paper	175.00	14	11	t		2026-01-14 23:12:06.702278+00	2026-01-14 23:12:06.702288+00	16
154	19x13	paper	250.00	19	13	t		2026-01-14 23:12:06.705753+00	2026-01-14 23:12:06.705763+00	16
155	24x16	aluminum	675.00	24	16	t		2026-01-14 23:12:06.709601+00	2026-01-14 23:12:06.709619+00	16
156	30x20	aluminum	995.00	30	20	t		2026-01-14 23:12:06.713538+00	2026-01-14 23:12:06.713548+00	16
157	36x24	aluminum	1350.00	36	24	t		2026-01-14 23:12:06.717884+00	2026-01-14 23:12:06.717897+00	16
158	40x30	aluminum	1850.00	40	30	t		2026-01-14 23:12:06.722401+00	2026-01-14 23:12:06.722416+00	16
159	45x30	aluminum	2150.00	45	30	t		2026-01-14 23:12:06.726465+00	2026-01-14 23:12:06.726477+00	16
160	60x40	aluminum	3400.00	60	40	t		2026-01-14 23:12:06.730114+00	2026-01-14 23:12:06.730124+00	16
161	14x11	paper	175.00	14	11	t		2026-01-14 23:12:06.733642+00	2026-01-14 23:12:06.733654+00	15
162	19x13	paper	250.00	19	13	t		2026-01-14 23:12:06.737376+00	2026-01-14 23:12:06.737388+00	15
163	24x16	aluminum	675.00	24	16	t		2026-01-14 23:12:06.740727+00	2026-01-14 23:12:06.740738+00	15
164	30x20	aluminum	995.00	30	20	t		2026-01-14 23:12:06.744158+00	2026-01-14 23:12:06.744169+00	15
165	36x24	aluminum	1350.00	36	24	t		2026-01-14 23:12:06.747412+00	2026-01-14 23:12:06.747422+00	15
166	40x30	aluminum	1850.00	40	30	t		2026-01-14 23:12:06.750759+00	2026-01-14 23:12:06.750769+00	15
167	45x30	aluminum	2150.00	45	30	t		2026-01-14 23:12:06.75411+00	2026-01-14 23:12:06.75412+00	15
168	60x40	aluminum	3400.00	60	40	t		2026-01-14 23:12:06.757285+00	2026-01-14 23:12:06.757295+00	15
169	14x11	paper	175.00	14	11	t		2026-01-14 23:12:06.760382+00	2026-01-14 23:12:06.760393+00	14
170	19x13	paper	250.00	19	13	t		2026-01-14 23:12:06.763505+00	2026-01-14 23:12:06.763514+00	14
171	24x16	aluminum	675.00	24	16	t		2026-01-14 23:12:06.766728+00	2026-01-14 23:12:06.766742+00	14
172	30x20	aluminum	995.00	30	20	t		2026-01-14 23:12:06.77018+00	2026-01-14 23:12:06.77019+00	14
173	36x24	aluminum	1350.00	36	24	t		2026-01-14 23:12:06.774102+00	2026-01-14 23:12:06.774112+00	14
174	40x30	aluminum	1850.00	40	30	t		2026-01-14 23:12:06.776997+00	2026-01-14 23:12:06.777047+00	14
175	45x30	aluminum	2150.00	45	30	t		2026-01-14 23:12:06.781601+00	2026-01-14 23:12:06.781613+00	14
176	60x40	aluminum	3400.00	60	40	t		2026-01-14 23:12:06.785938+00	2026-01-14 23:12:06.785953+00	14
177	14x11	paper	175.00	14	11	t		2026-01-14 23:12:06.789875+00	2026-01-14 23:12:06.789888+00	13
178	19x13	paper	250.00	19	13	t		2026-01-14 23:12:06.793974+00	2026-01-14 23:12:06.793988+00	13
179	24x16	aluminum	675.00	24	16	t		2026-01-14 23:12:06.797686+00	2026-01-14 23:12:06.797699+00	13
180	30x20	aluminum	995.00	30	20	t		2026-01-14 23:12:06.802008+00	2026-01-14 23:12:06.80202+00	13
181	36x24	aluminum	1350.00	36	24	t		2026-01-14 23:12:06.806222+00	2026-01-14 23:12:06.806235+00	13
182	40x30	aluminum	1850.00	40	30	t		2026-01-14 23:12:06.810889+00	2026-01-14 23:12:06.810902+00	13
183	45x30	aluminum	2150.00	45	30	t		2026-01-14 23:12:06.815155+00	2026-01-14 23:12:06.815168+00	13
184	60x40	aluminum	3400.00	60	40	t		2026-01-14 23:12:06.818463+00	2026-01-14 23:12:06.818475+00	13
185	14x11	paper	175.00	14	11	t		2026-01-14 23:12:06.821539+00	2026-01-14 23:12:06.821549+00	12
186	19x13	paper	250.00	19	13	t		2026-01-14 23:12:06.826538+00	2026-01-14 23:12:06.826549+00	12
187	24x16	aluminum	675.00	24	16	t		2026-01-14 23:12:06.829818+00	2026-01-14 23:12:06.829827+00	12
188	30x20	aluminum	995.00	30	20	t		2026-01-14 23:12:06.833309+00	2026-01-14 23:12:06.833319+00	12
189	36x24	aluminum	1350.00	36	24	t		2026-01-14 23:12:06.837473+00	2026-01-14 23:12:06.837483+00	12
190	40x30	aluminum	1850.00	40	30	t		2026-01-14 23:12:06.843414+00	2026-01-14 23:12:06.843428+00	12
191	45x30	aluminum	2150.00	45	30	t		2026-01-14 23:12:06.847872+00	2026-01-14 23:12:06.847887+00	12
192	60x40	aluminum	3400.00	60	40	t		2026-01-14 23:12:06.853256+00	2026-01-14 23:12:06.853269+00	12
193	14x11	paper	175.00	14	11	t		2026-01-14 23:12:06.857394+00	2026-01-14 23:12:06.857409+00	11
194	19x13	paper	250.00	19	13	t		2026-01-14 23:12:06.861399+00	2026-01-14 23:12:06.861415+00	11
195	24x16	aluminum	675.00	24	16	t		2026-01-14 23:12:06.865633+00	2026-01-14 23:12:06.865646+00	11
196	30x20	aluminum	995.00	30	20	t		2026-01-14 23:12:06.870059+00	2026-01-14 23:12:06.87007+00	11
197	36x24	aluminum	1350.00	36	24	t		2026-01-14 23:12:06.873838+00	2026-01-14 23:12:06.873849+00	11
198	40x30	aluminum	1850.00	40	30	t		2026-01-14 23:12:06.877342+00	2026-01-14 23:12:06.877353+00	11
199	45x30	aluminum	2150.00	45	30	t		2026-01-14 23:12:06.880686+00	2026-01-14 23:12:06.880696+00	11
200	60x40	aluminum	3400.00	60	40	t		2026-01-14 23:12:06.884174+00	2026-01-14 23:12:06.884184+00	11
201	14x11	paper	175.00	14	11	t		2026-01-14 23:12:06.887859+00	2026-01-14 23:12:06.887869+00	10
202	19x13	paper	250.00	19	13	t		2026-01-14 23:12:06.89177+00	2026-01-14 23:12:06.89178+00	10
203	24x16	aluminum	675.00	24	16	t		2026-01-14 23:12:06.895689+00	2026-01-14 23:12:06.8957+00	10
204	30x20	aluminum	995.00	30	20	t		2026-01-14 23:12:06.89923+00	2026-01-14 23:12:06.899241+00	10
205	36x24	aluminum	1350.00	36	24	t		2026-01-14 23:12:06.902393+00	2026-01-14 23:12:06.902402+00	10
206	40x30	aluminum	1850.00	40	30	t		2026-01-14 23:12:06.905862+00	2026-01-14 23:12:06.905873+00	10
207	45x30	aluminum	2150.00	45	30	t		2026-01-14 23:12:06.909876+00	2026-01-14 23:12:06.909889+00	10
208	60x40	aluminum	3400.00	60	40	t		2026-01-14 23:12:06.914461+00	2026-01-14 23:12:06.914474+00	10
209	14x11	paper	175.00	14	11	t		2026-01-14 23:12:06.917999+00	2026-01-14 23:12:06.91801+00	9
210	19x13	paper	250.00	19	13	t		2026-01-14 23:12:06.921826+00	2026-01-14 23:12:06.921838+00	9
211	24x16	aluminum	675.00	24	16	t		2026-01-14 23:12:06.925963+00	2026-01-14 23:12:06.925975+00	9
212	30x20	aluminum	995.00	30	20	t		2026-01-14 23:12:06.930079+00	2026-01-14 23:12:06.930089+00	9
213	36x24	aluminum	1350.00	36	24	t		2026-01-14 23:12:06.934236+00	2026-01-14 23:12:06.934248+00	9
214	40x30	aluminum	1850.00	40	30	t		2026-01-14 23:12:06.937843+00	2026-01-14 23:12:06.937853+00	9
215	45x30	aluminum	2150.00	45	30	t		2026-01-14 23:12:06.941496+00	2026-01-14 23:12:06.941505+00	9
216	60x40	aluminum	3400.00	60	40	t		2026-01-14 23:12:06.944809+00	2026-01-14 23:12:06.944818+00	9
217	14x11	paper	175.00	14	11	t		2026-01-14 23:12:06.947814+00	2026-01-14 23:12:06.947823+00	8
218	19x13	paper	250.00	19	13	t		2026-01-14 23:12:06.951499+00	2026-01-14 23:12:06.951508+00	8
219	24x16	aluminum	675.00	24	16	t		2026-01-14 23:12:06.954991+00	2026-01-14 23:12:06.955+00	8
220	30x20	aluminum	995.00	30	20	t		2026-01-14 23:12:06.958927+00	2026-01-14 23:12:06.958939+00	8
221	36x24	aluminum	1350.00	36	24	t		2026-01-14 23:12:06.962524+00	2026-01-14 23:12:06.962532+00	8
222	40x30	aluminum	1850.00	40	30	t		2026-01-14 23:12:06.966163+00	2026-01-14 23:12:06.966172+00	8
223	45x30	aluminum	2150.00	45	30	t		2026-01-14 23:12:06.969645+00	2026-01-14 23:12:06.969653+00	8
224	60x40	aluminum	3400.00	60	40	t		2026-01-14 23:12:06.973473+00	2026-01-14 23:12:06.973482+00	8
225	14x11	paper	175.00	14	11	t		2026-01-14 23:12:06.978861+00	2026-01-14 23:12:06.978871+00	7
226	19x13	paper	250.00	19	13	t		2026-01-14 23:12:06.982653+00	2026-01-14 23:12:06.982664+00	7
227	24x16	aluminum	675.00	24	16	t		2026-01-14 23:12:06.98649+00	2026-01-14 23:12:06.986502+00	7
228	30x20	aluminum	995.00	30	20	t		2026-01-14 23:12:06.990086+00	2026-01-14 23:12:06.990097+00	7
229	36x24	aluminum	1350.00	36	24	t		2026-01-14 23:12:06.993456+00	2026-01-14 23:12:06.993466+00	7
230	40x30	aluminum	1850.00	40	30	t		2026-01-14 23:12:06.99652+00	2026-01-14 23:12:06.996531+00	7
231	45x30	aluminum	2150.00	45	30	t		2026-01-14 23:12:07.000118+00	2026-01-14 23:12:07.000128+00	7
232	60x40	aluminum	3400.00	60	40	t		2026-01-14 23:12:07.004286+00	2026-01-14 23:12:07.004297+00	7
233	14x11	paper	175.00	14	11	t		2026-01-14 23:12:07.0088+00	2026-01-14 23:12:07.008813+00	6
234	19x13	paper	250.00	19	13	t		2026-01-14 23:12:07.014152+00	2026-01-14 23:12:07.014164+00	6
235	24x16	aluminum	675.00	24	16	t		2026-01-14 23:12:07.01899+00	2026-01-14 23:12:07.019002+00	6
236	30x20	aluminum	995.00	30	20	t		2026-01-14 23:12:07.023989+00	2026-01-14 23:12:07.023999+00	6
237	36x24	aluminum	1350.00	36	24	t		2026-01-14 23:12:07.028196+00	2026-01-14 23:12:07.028209+00	6
238	40x30	aluminum	1850.00	40	30	t		2026-01-14 23:12:07.032737+00	2026-01-14 23:12:07.032749+00	6
239	45x30	aluminum	2150.00	45	30	t		2026-01-14 23:12:07.03717+00	2026-01-14 23:12:07.037184+00	6
240	60x40	aluminum	3400.00	60	40	t		2026-01-14 23:12:07.041409+00	2026-01-14 23:12:07.04142+00	6
241	14x11	paper	175.00	14	11	t		2026-01-14 23:12:07.045913+00	2026-01-14 23:12:07.045925+00	5
242	19x13	paper	250.00	19	13	t		2026-01-14 23:12:07.04965+00	2026-01-14 23:12:07.049661+00	5
243	24x16	aluminum	675.00	24	16	t		2026-01-14 23:12:07.053322+00	2026-01-14 23:12:07.053334+00	5
244	30x20	aluminum	995.00	30	20	t		2026-01-14 23:12:07.057534+00	2026-01-14 23:12:07.057546+00	5
245	36x24	aluminum	1350.00	36	24	t		2026-01-14 23:12:07.061327+00	2026-01-14 23:12:07.061338+00	5
246	40x30	aluminum	1850.00	40	30	t		2026-01-14 23:12:07.065224+00	2026-01-14 23:12:07.065235+00	5
247	45x30	aluminum	2150.00	45	30	t		2026-01-14 23:12:07.068663+00	2026-01-14 23:12:07.068672+00	5
248	60x40	aluminum	3400.00	60	40	t		2026-01-14 23:12:07.071898+00	2026-01-14 23:12:07.071909+00	5
249	24x16	aluminum	675.00	24	16	t		2026-01-14 23:12:07.077844+00	2026-01-14 23:12:07.077856+00	4
250	30x20	aluminum	995.00	30	20	t		2026-01-14 23:12:07.082419+00	2026-01-14 23:12:07.082444+00	4
251	36x24	aluminum	1350.00	36	24	t		2026-01-14 23:12:07.086399+00	2026-01-14 23:12:07.086409+00	4
252	40x30	aluminum	1850.00	40	30	t		2026-01-14 23:12:07.090957+00	2026-01-14 23:12:07.090967+00	4
253	45x30	aluminum	2150.00	45	30	t		2026-01-14 23:12:07.09417+00	2026-01-14 23:12:07.094181+00	4
254	60x40	aluminum	3400.00	60	40	t		2026-01-14 23:12:07.097961+00	2026-01-14 23:12:07.097971+00	4
263	11x14	paper	175.00	11	14	t		2026-01-18 19:21:18.474557+00	2026-01-18 19:21:18.474567+00	34
264	13x19	paper	250.00	13	19	t		2026-01-18 19:21:18.480479+00	2026-01-18 19:21:18.480492+00	34
265	16x24	aluminum	675.00	16	24	t		2026-01-18 19:21:18.484809+00	2026-01-18 19:21:18.48482+00	34
266	20x30	aluminum	995.00	20	30	t		2026-01-18 19:21:18.490515+00	2026-01-18 19:21:18.490525+00	34
267	24x36	aluminum	1350.00	24	36	t		2026-01-18 19:21:18.494677+00	2026-01-18 19:21:18.494691+00	34
268	30x40	aluminum	1850.00	30	40	t		2026-01-18 19:21:18.498635+00	2026-01-18 19:21:18.498649+00	34
269	30x45	aluminum	2150.00	30	45	t		2026-01-18 19:21:18.505861+00	2026-01-18 19:21:18.505875+00	34
270	40x60	aluminum	3400.00	40	60	t		2026-01-18 19:21:18.509699+00	2026-01-18 19:21:18.509713+00	34
\.


--
-- Data for Name: core_giftcard; Type: TABLE DATA; Schema: public; Owner: postgres
--

COPY public.core_giftcard (id, code, initial_amount, remaining_balance, purchaser_email, purchaser_name, recipient_email, recipient_name, message, is_active, is_sent, purchased_at, sent_at, expires_at, stripe_payment_intent) FROM stdin;
e11265e3-49f5-4fc0-928b-0b849c360740	12C8-91E0-66ED-E703	10000.00	0.00	mnraynor90@gmail.com	matt	mnraynor90@gmail.com	matt		f	f	2026-01-15 17:19:32.741087+00	\N	\N	
342161fc-a68c-4b23-b692-e87e770763b3	8DC2-D130-9010-75CA	10000.00	150.00	mnraynor90@gmail.com	matt	mnraynor90@gmail.com	matt		t	f	2026-01-15 17:17:33.044031+00	\N	\N	
\.


--
-- Data for Name: core_giftcardredemption; Type: TABLE DATA; Schema: public; Owner: postgres
--

COPY public.core_giftcardredemption (id, amount, redeemed_at, gift_card_id, order_id) FROM stdin;
1	175.00	2026-01-15 17:53:37.929216+00	e11265e3-49f5-4fc0-928b-0b849c360740	c984c282-e4ca-45d7-8e59-478cadf890af
2	175.00	2026-01-15 17:56:20.524798+00	e11265e3-49f5-4fc0-928b-0b849c360740	78edd68c-7ed7-4f9b-b19f-34445805546e
3	250.00	2026-01-15 18:47:55.916403+00	e11265e3-49f5-4fc0-928b-0b849c360740	7d12fb78-2a69-477f-8850-a6228b4b54f1
4	175.00	2026-01-15 18:54:08.127096+00	e11265e3-49f5-4fc0-928b-0b849c360740	5e4eacbf-6b01-4f7a-92fd-e2998ed81ebe
5	175.00	2026-01-15 18:57:34.318986+00	e11265e3-49f5-4fc0-928b-0b849c360740	9a90d919-8051-431d-abf6-c18f6e04775b
6	50.00	2026-01-15 20:46:08.193926+00	e11265e3-49f5-4fc0-928b-0b849c360740	7c33d8b8-282d-4f44-a150-45bcd757b920
7	675.00	2026-01-17 22:26:11.698367+00	342161fc-a68c-4b23-b692-e87e770763b3	f791e846-c7a1-4bdf-ad95-fd8c962746c7
8	175.00	2026-01-17 22:34:30.766083+00	342161fc-a68c-4b23-b692-e87e770763b3	34e5323e-02fd-4e5b-aa8d-e7cc4f916a47
\.


--
-- Data for Name: core_subscriber; Type: TABLE DATA; Schema: public; Owner: postgres
--

COPY public.core_subscriber (id, email, name, source, interests, is_active, mailerlite_id, subscribed_at, unsubscribed_at) FROM stdin;
1	fake@email.com		footer	[]	t	176680867345728564	2026-01-15 16:53:25.14471+00	\N
2	mnraynor90@gmail.com		purchase	[]	t		2026-01-16 17:25:54.112755+00	\N
\.


--
-- Data for Name: django_admin_log; Type: TABLE DATA; Schema: public; Owner: postgres
--

COPY public.django_admin_log (id, action_time, object_id, object_repr, action_flag, change_message, content_type_id, user_id) FROM stdin;
1	2026-01-12 23:51:04.1708+00	1	Shot From The Sea	1	[{"added": {}}]	10	1
2	2026-01-12 23:51:49.600803+00	1	Shot From The Sea	2	[{"changed": {"fields": ["Display order"]}}]	10	1
3	2026-01-13 00:41:11.962641+00	1	Shot From The Sea	2	[{"added": {"name": "photo", "object": "Portside"}}]	10	1
4	2026-01-13 00:43:15.669266+00	1	Shot From The Sea	2	[{"added": {"name": "photo", "object": "Buoy-8"}}, {"added": {"name": "photo", "object": "Calm Seas"}}]	10	1
5	2026-01-13 00:48:12.425147+00	3	Calm Seas	2	[{"changed": {"fields": ["Description", "Image", "Thumbnail"]}}]	11	1
6	2026-01-13 01:27:47.405811+00	3	Calm Seas	2	[{"changed": {"fields": ["Image", "Thumbnail"]}}]	11	1
7	2026-01-13 01:28:19.615486+00	1	Shot From The Sea	2	[{"changed": {"fields": ["Cover image"]}}]	10	1
8	2026-01-13 01:28:36.808949+00	1	Shot From The Sea	2	[{"changed": {"fields": ["Cover image"]}}]	10	1
9	2026-01-13 01:35:57.748636+00	1	Shot From The Sea	2	[{"changed": {"fields": ["Cover image"]}}]	10	1
10	2026-01-13 01:36:12.412097+00	1	Shot From The Sea	2	[{"changed": {"fields": ["Cover image"]}}]	10	1
11	2026-01-13 01:37:02.268503+00	3	Calm Seas	2	[{"changed": {"fields": ["Thumbnail"]}}]	11	1
12	2026-01-13 01:37:20.413205+00	3	Calm Seas	2	[{"changed": {"fields": ["Thumbnail"]}}]	11	1
13	2026-01-13 01:38:18.702869+00	2	Buoy-8	2	[{"changed": {"fields": ["Image", "Thumbnail"]}}]	11	1
14	2026-01-13 01:41:02.985971+00	1	Shot From The Sea	2	[{"changed": {"fields": ["Cover image"]}}]	10	1
15	2026-01-13 01:41:18.550581+00	1	Shot From The Sea	2	[{"changed": {"fields": ["Cover image"]}}]	10	1
16	2026-01-13 01:42:06.376497+00	2	ghjk	1	[{"added": {}}]	10	1
17	2026-01-13 01:47:06.978944+00	3	cock	1	[{"added": {}}]	10	1
18	2026-01-13 02:16:25.486978+00	3	cock	3		10	1
19	2026-01-13 02:16:25.487044+00	2	ghjk	3		10	1
20	2026-01-13 02:16:39.517726+00	1	Shot From The Sea	2	[{"changed": {"fields": ["Cover image"]}}]	10	1
21	2026-01-13 02:16:54.371552+00	1	Shot From The Sea	2	[{"changed": {"fields": ["Cover image"]}}]	10	1
22	2026-01-13 02:19:07.645535+00	3	Calm Seas	2	[{"changed": {"fields": ["Image", "Thumbnail"]}}]	11	1
23	2026-01-13 02:19:23.601945+00	2	Buoy-8	2	[]	11	1
24	2026-01-13 02:19:43.95005+00	2	Buoy-8	2	[{"changed": {"fields": ["Thumbnail"]}}]	11	1
25	2026-01-13 02:20:24.431735+00	1	Portside	2	[{"changed": {"fields": ["Image", "Thumbnail"]}}]	11	1
26	2026-01-13 02:22:41.730695+00	3	Calm Seas	3		11	1
27	2026-01-13 02:22:41.730783+00	2	Buoy-8	3		11	1
28	2026-01-13 02:22:41.730806+00	1	Portside	3		11	1
29	2026-01-13 02:23:55.059219+00	4	Calm Seas	1	[{"added": {}}]	11	1
30	2026-01-13 02:26:30.350097+00	4	Calm Seas	2	[{"added": {"name": "product variant", "object": "Calm Seas - 11x14 Paper Print"}}]	11	1
31	2026-01-13 17:38:41.681653+00	4	Calm Seas	2	[{"changed": {"name": "product variant", "object": "Calm Seas - 11x14 Paper Print", "fields": ["Width inches", "Height inches"]}}]	11	1
32	2026-01-13 17:45:57.247165+00	4	Calm Seas	2	[{"added": {"name": "product variant", "object": "Calm Seas - 19x13 Paper Print"}}, {"changed": {"name": "product variant", "object": "Calm Seas - 14x11 Paper Print", "fields": ["Size"]}}]	11	1
33	2026-01-14 01:52:52.803508+00	4	Calm Seas	2	[{"changed": {"name": "product variant", "object": "Calm Seas - 14x11 Paper Print", "fields": ["Price"]}}]	11	1
34	2026-01-14 01:55:25.185124+00	5	Beaufort Shrimp Boats	1	[{"added": {}}, {"added": {"name": "product variant", "object": "Beaufort Shrimp Boats - 14 x 11 Paper Print"}}, {"added": {"name": "product variant", "object": "Beaufort Shrimp Boats - 19 x 13 Paper Print"}}]	11	1
35	2026-01-14 01:57:49.583083+00	6	Buoy-8	1	[{"added": {}}, {"added": {"name": "product variant", "object": "Buoy-8 - 14 x 11 Paper Print"}}, {"added": {"name": "product variant", "object": "Buoy-8 - 19 x 13 Paper Print"}}]	11	1
36	2026-01-14 02:00:55.134896+00	7	Mary Elizabeth	1	[{"added": {}}, {"added": {"name": "product variant", "object": "Mary Elizabeth - 14 x 11 Paper Print"}}, {"added": {"name": "product variant", "object": "Mary Elizabeth - 19 x 13 Paper Print"}}]	11	1
37	2026-01-14 02:02:33.799233+00	8	Nor' Easter	1	[{"added": {}}, {"added": {"name": "product variant", "object": "Nor' Easter - 14 x 11 Paper Print"}}, {"added": {"name": "product variant", "object": "Nor' Easter - 19 x 13 Paper Print"}}]	11	1
38	2026-01-14 02:03:02.304385+00	7	Mary Elizabeth	2	[]	11	1
39	2026-01-14 02:04:36.889175+00	9	Portside	1	[{"added": {}}, {"added": {"name": "product variant", "object": "Portside - 14 x 11 Paper Print"}}, {"added": {"name": "product variant", "object": "Portside - 19 x 13 Paper Print"}}]	11	1
40	2026-01-14 02:06:18.278116+00	10	Steaming	1	[{"added": {}}, {"added": {"name": "product variant", "object": "Steaming - 14 x 11 Paper Print"}}, {"added": {"name": "product variant", "object": "Steaming - 19 x 13 Paper Print"}}]	11	1
41	2026-01-14 02:09:11.019854+00	11	Terri Sue	1	[{"added": {}}, {"added": {"name": "product variant", "object": "Terri Sue - 14 x 11 Paper Print"}}, {"added": {"name": "product variant", "object": "Terri Sue - 19 x 13 Paper Print"}}]	11	1
42	2026-01-14 18:23:27.179007+00	4	Above The East End	1	[{"added": {}}]	10	1
43	2026-01-14 18:24:35.885401+00	12	Beautiful Birch	1	[{"added": {}}]	11	1
44	2026-01-14 18:29:56.870423+00	13	Board Walk	1	[{"added": {}}]	11	1
45	2026-01-14 18:30:33.506785+00	14	Bug Light	1	[{"added": {}}]	11	1
46	2026-01-14 18:31:42.083856+00	15	North Sea Carnival	1	[{"added": {}}]	11	1
47	2026-01-14 18:34:02.941594+00	16	National Wind Mill	1	[{"added": {}}]	11	1
48	2026-01-14 18:34:57.551538+00	17	Montauk Light House	1	[{"added": {}}]	11	1
49	2026-01-14 18:35:45.094941+00	18	North Sea Harbor	1	[{"added": {}}]	11	1
50	2026-01-14 18:40:41.763614+00	19	Red Cedar Point	1	[{"added": {}}]	11	1
51	2026-01-14 18:45:11.292333+00	20	North Fork Farm	1	[{"added": {}}]	11	1
52	2026-01-14 18:46:02.525589+00	21	Red Church	1	[{"added": {}}]	11	1
53	2026-01-14 18:46:45.348327+00	22	Shinnecock Bay	1	[{"added": {}}]	11	1
54	2026-01-14 18:47:25.194337+00	23	Tiana	1	[{"added": {}}]	11	1
55	2026-01-14 19:11:11.289457+00	18	North Sea Harbor	2	[{"changed": {"fields": ["Image", "Thumbnail"]}}]	11	1
56	2026-01-14 20:22:34.609653+00	18	North Sea Harbor	2	[{"changed": {"fields": ["Image", "Thumbnail"]}}]	11	1
57	2026-01-14 20:24:51.283323+00	23	Tiana	2	[{"changed": {"fields": ["Image", "Thumbnail"]}}]	11	1
58	2026-01-14 20:27:14.641787+00	22	Shinnecock Bay	2	[{"changed": {"fields": ["Image", "Thumbnail"]}}]	11	1
59	2026-01-14 20:27:48.727928+00	21	Red Church	2	[{"changed": {"fields": ["Image", "Thumbnail"]}}]	11	1
60	2026-01-14 20:28:28.209571+00	20	North Fork Farm	2	[{"changed": {"fields": ["Image", "Thumbnail"]}}]	11	1
61	2026-01-14 20:29:01.086105+00	19	Red Cedar Point	2	[{"changed": {"fields": ["Image", "Thumbnail"]}}]	11	1
62	2026-01-14 20:29:20.477207+00	19	Red Cedar Point	2	[]	11	1
63	2026-01-14 20:30:10.651451+00	18	North Sea Harbor	2	[{"changed": {"fields": ["Image", "Thumbnail"]}}]	11	1
64	2026-01-14 20:30:40.280017+00	17	Montauk Light House	2	[{"changed": {"fields": ["Image", "Thumbnail"]}}]	11	1
65	2026-01-14 20:31:19.079719+00	16	National Wind Mill	2	[{"changed": {"fields": ["Image", "Thumbnail"]}}]	11	1
66	2026-01-14 20:31:51.810395+00	15	North Sea Carnival	2	[{"changed": {"fields": ["Image", "Thumbnail"]}}]	11	1
67	2026-01-14 20:32:28.469265+00	14	Bug Light	2	[{"changed": {"fields": ["Image", "Thumbnail"]}}]	11	1
68	2026-01-14 20:32:58.300629+00	13	Board Walk	2	[{"changed": {"fields": ["Image", "Thumbnail"]}}]	11	1
69	2026-01-14 20:33:27.016761+00	12	Beautiful Birch	2	[{"changed": {"fields": ["Image", "Thumbnail"]}}]	11	1
70	2026-01-14 22:20:10.091553+00	5	Travel Photography	1	[{"added": {}}]	10	1
71	2026-01-14 23:00:45.368137+00	24	Bryce	1	[{"added": {}}]	11	1
72	2026-01-14 23:01:32.93842+00	25	Cambodian Ferry	1	[{"added": {}}]	11	1
73	2026-01-14 23:02:12.225045+00	26	Grand Teton	1	[{"added": {}}]	11	1
74	2026-01-14 23:03:08.723152+00	27	Grand Teton Haze	1	[{"added": {}}]	11	1
75	2026-01-14 23:03:49.202802+00	28	Greek Church	1	[{"added": {}}]	11	1
76	2026-01-14 23:05:33.978687+00	29	Linh Phuoc Pagoda	1	[{"added": {}}]	11	1
77	2026-01-14 23:06:15.422353+00	29	Linh Phuoc Pagoda	2	[]	11	1
78	2026-01-14 23:07:37.004133+00	29	Linh Phuoc Pagoda	2	[{"changed": {"fields": ["Orientation"]}}]	11	1
79	2026-01-14 23:07:52.962394+00	28	Greek Church	2	[{"changed": {"fields": ["Orientation"]}}]	11	1
80	2026-01-14 23:08:24.256441+00	25	Cambodian Ferry	2	[{"changed": {"fields": ["Orientation"]}}]	11	1
81	2026-01-14 23:09:25.945058+00	30	Roadside Template	1	[{"added": {}}]	11	1
82	2026-01-14 23:10:29.513339+00	31	Santorini Stairs	1	[{"added": {}}]	11	1
83	2026-01-14 23:11:05.658885+00	32	Santorini Steps	1	[{"added": {}}]	11	1
84	2026-01-14 23:11:44.638341+00	33	Sedona	1	[{"added": {}}]	11	1
85	2026-01-14 23:30:39.724472+00	29	Linh Phuoc Pagoda	2	[{"changed": {"fields": ["Image", "Thumbnail"]}}]	11	1
86	2026-01-15 17:17:33.065176+00	342161fc-a68c-4b23-b692-e87e770763b3	Gift Card 8DC2-D130-9010-75CA ($1000)	1	[{"added": {}}]	7	1
87	2026-01-15 17:19:32.743193+00	e11265e3-49f5-4fc0-928b-0b849c360740	Gift Card 12C8-91E0-66ED-E703 ($1000)	1	[{"added": {}}]	7	1
88	2026-01-16 23:24:53.129591+00	7	Mary Elizabeth	2	[{"changed": {"fields": ["Thumbnail"]}}]	11	1
89	2026-01-18 19:09:37.455272+00	34	Viking Pride	1	[{"added": {}}]	11	1
90	2026-01-18 19:19:45.214651+00	34	Viking Pride	2	[{"changed": {"fields": ["Image", "Thumbnail"]}}]	11	1
91	2026-01-18 19:20:15.586816+00	34	Viking Pride	2	[]	11	1
\.


--
-- Data for Name: django_content_type; Type: TABLE DATA; Schema: public; Owner: postgres
--

COPY public.django_content_type (id, app_label, model) FROM stdin;
1	admin	logentry
2	auth	group
3	auth	permission
4	auth	user
5	contenttypes	contenttype
6	sessions	session
7	core	giftcard
8	core	giftcardredemption
9	core	subscriber
10	catalog	collection
11	catalog	photo
12	catalog	product
13	catalog	productvariant
14	orders	cart
15	orders	cartitem
16	orders	order
17	orders	orderitem
18	mockup	savedmockup
19	mockup	wallanalysis
\.


--
-- Data for Name: django_migrations; Type: TABLE DATA; Schema: public; Owner: postgres
--

COPY public.django_migrations (id, app, name, applied) FROM stdin;
1	contenttypes	0001_initial	2026-01-05 22:02:35.834942+00
2	auth	0001_initial	2026-01-05 22:02:35.895954+00
3	admin	0001_initial	2026-01-05 22:02:35.920817+00
4	admin	0002_logentry_remove_auto_add	2026-01-05 22:02:35.927817+00
5	admin	0003_logentry_add_action_flag_choices	2026-01-05 22:02:35.93765+00
6	contenttypes	0002_remove_content_type_name	2026-01-05 22:02:35.962998+00
7	auth	0002_alter_permission_name_max_length	2026-01-05 22:02:35.978304+00
8	auth	0003_alter_user_email_max_length	2026-01-05 22:02:35.989131+00
9	auth	0004_alter_user_username_opts	2026-01-05 22:02:35.99714+00
10	auth	0005_alter_user_last_login_null	2026-01-05 22:02:36.009248+00
11	auth	0006_require_contenttypes_0002	2026-01-05 22:02:36.011652+00
12	auth	0007_alter_validators_add_error_messages	2026-01-05 22:02:36.022069+00
13	auth	0008_alter_user_username_max_length	2026-01-05 22:02:36.0362+00
14	auth	0009_alter_user_last_name_max_length	2026-01-05 22:02:36.0497+00
15	auth	0010_alter_group_name_max_length	2026-01-05 22:02:36.064859+00
16	auth	0011_update_proxy_permissions	2026-01-05 22:02:36.074372+00
17	auth	0012_alter_user_first_name_max_length	2026-01-05 22:02:36.085587+00
18	catalog	0001_initial	2026-01-05 22:02:36.122664+00
19	catalog	0002_product	2026-01-05 22:02:36.133638+00
20	orders	0001_initial	2026-01-05 22:02:36.177614+00
21	core	0001_initial	2026-01-05 22:02:36.208589+00
22	orders	0002_alter_cartitem_unique_together_and_more	2026-01-05 22:02:36.334256+00
23	sessions	0001_initial	2026-01-05 22:02:36.343331+00
24	core	0002_create_superuser	2026-01-12 22:45:00.755361+00
25	catalog	0003_photo_image_dimensions	2026-01-14 19:13:08.5765+00
26	core	0003_increase_giftcard_code_length	2026-01-15 17:16:04.892494+00
27	mockup	0001_initial	2026-01-19 19:21:06.636823+00
\.


--
-- Data for Name: django_session; Type: TABLE DATA; Schema: public; Owner: postgres
--

COPY public.django_session (session_key, session_data, expire_date) FROM stdin;
6fk2q882rp6v6ctjncgzkctji5hc3d0e	e30:1vddjf:fWNcEq9ANoZ_mSibt39hRPb8OH3WwYIkuDs_um0OOCs	2026-02-07 00:18:43.498194+00
otb7ugti17sql5uqmdqx5knqfzhbi5cq	e30:1vde5N:SLMcxotWukdSjRrvFz29NI3P6SkvA5helPmF5cAUF_k	2026-02-07 00:41:09.860758+00
825j7lswcqjtv4lbymitp6wua1jq47jt	e30:1vfQRH:f9WQtSXuIRoNnZz4QaMFFp7oW_HmqNYpqcxn4ucPWZ8	2026-02-11 22:31:07.105541+00
9rf1ifgpsws8nz8w4a06d0vsjdq1p28k	e30:1vfQUs:tMr0-ovQp33ZZzyj4APmklP7edqm8n0vRM1Y7WgJwGw	2026-02-11 22:34:50.68212+00
of07ih17abgcct9xyz1fiopeqw026qxj	e30:1vfQf3:Sc1gBBPE759txL6yy_ruxAHUlpvI4iZDa-MIOQsXlzc	2026-02-11 22:45:21.759366+00
bu4gp7klhxgnmmc4kd860c4sme68ai1m	.eJxVjMsOwiAQRf-FtSE8AohL934DmYEZqRpISrtq_Hdt0oVu7znnbiLButS0DprTVMRFaHH63RDyk9oOygPavcvc2zJPKHdFHnTIWy_0uh7u30GFUb_1WSngoClGZGvYeSrBo2cGZbViLoTEMaMjZXzO7J3ViDZjZAvBG_H-AAu_OSM:1vfQf7:XyYf6aSLKkKz9D1SVAyubsCkP0NIC3jG1nPW8ZSJE2I	2026-02-11 22:45:25.345692+00
acp4eoa88excdqdompv99f4tg8zf2x68	e30:1vfQrR:D-gT1eOiP3t1qKSIrquFe_Vd5L_jUMXk7jt0zqkmsIE	2026-02-11 22:58:09.279983+00
zalczxibnforctfyeg7wpo4koyge6zd3	.eJxVjMsOwiAQRf-FtSE8AohL934DmYEZqRpISrtq_Hdt0oVu7znnbiLButS0DprTVMRFaHH63RDyk9oOygPavcvc2zJPKHdFHnTIWy_0uh7u30GFUb_1WSngoClGZGvYeSrBo2cGZbViLoTEMaMjZXzO7J3ViDZjZAvBG_H-AAu_OSM:1vfQwz:-Dd9py_Ym-s6YMTaVueWw6QD0U5JBJr83a86m4nxBYY	2026-02-11 23:03:53.531223+00
2awrwplr756g4wqjb5gv4pzbyaib8q3p	e30:1vfSeN:WB7VEYGK3J2RjnbF9LBtHk_bnTM0KHK5wStDx38CuQU	2026-02-12 00:52:47.909386+00
k0uauk4n6o7ps7pei4y3fbwvavebnlq7	e30:1vfTKg:v2ZqytvPvraNHrRWrzjqRBfzOgxvPFOB1Wdm0X2Bq3U	2026-02-12 01:36:30.829446+00
wije0circdjyxpgm0srv0d3ne4r0js95	e30:1vfTg3:nVFM13DZI0WHIAsuAgCMCVNKPXDYQUTb9HiYbqhw004	2026-02-12 01:58:35.371589+00
60l6psatl6ubmj9mu20tw3mfv6vfy6qb	e30:1vfTkA:PH4anMHaGTZ2_WaTBQW9Obwp6dlCHHa1CXhCbshc-ew	2026-02-12 02:02:50.694684+00
32rna23ast69hnli09w1oe8y0p95x3fm	e30:1vfTkC:ylNs0Zh-OJg99wNLpUd7VHJYNyOr0ZnqLcmfrgbYQ5Q	2026-02-12 02:02:52.865412+00
o1q7ncw3tbsrsdxgfjcbw21wsbvu68ld	e30:1vfTkN:Htb1FltgjRuMDkR9AGY-8LdNGvxsycr1lQpfEwuA1B4	2026-02-12 02:03:03.11456+00
65pm8cxqqysals0qu5z9ahi0vjspscl0	e30:1vfTkz:G7uJJsvh7XGsCfd0uiF6DNZDeS7HPy8SusWrJ4RzOp4	2026-02-12 02:03:41.382769+00
i8hukbtsl3byt4cvngb2356bzc6xju4g	e30:1vfTl0:MFmHrF9bZpXmTaccAKGLuCfeMUHj2RqqrVGP5rxWQZc	2026-02-12 02:03:42.349192+00
o9ck3itgkws2nwdqt5fybma07cv6witj	e30:1vfTlX:ikvDch3w9a3OKxDsVKDgHYQ_c8LlEvQjEZnldaGLYAQ	2026-02-12 02:04:15.091555+00
aasen6fffhrfn9p4vd0xzyajg7a12el2	e30:1vfTnQ:zUvjwt5kRa5Yp82vhcG26SyNgRZkwAa3FYnm9M_Pavc	2026-02-12 02:06:12.820377+00
6o82yf4o1236frjlpqi85tmyflgwhpqo	e30:1vfTo7:B7qkjlAJVPh1RWfy-ZQ5XNMsMAclaraFdzZPyEu-WIY	2026-02-12 02:06:55.750969+00
d0utolj9jbmgj97wxvjlrnmnn0myijyj	e30:1vfTpu:CcIsbqF7zbgJtaqj8-GglVdgTBh04sD0uUnFsa09ptw	2026-02-12 02:08:46.837944+00
qgutmsb9ahsqqlajvtk2y9d5d09yrehr	e30:1vfTq5:4P9yQy9wiE1CSaJ9lhDzO1pvIjLZdAOtA2cC-mwfjxc	2026-02-12 02:08:57.022917+00
f85w13qzncjly9faeb4rw7hxmyj4rd8f	e30:1vfTq7:tuSou7dJ01p0umKkioaggQC6loOo8W6UsIraG7O0qIQ	2026-02-12 02:08:59.479164+00
262kji229ckkmge9vg2nvp6tetwejg0d	e30:1vfTqR:eW3n9aHxNKGD8TV6Di0G0wVkWDPOTdcXP1_5oGGp6hY	2026-02-12 02:09:19.965017+00
6jl8j2w7u91no8a4hbcdt8jtw87kuhf4	e30:1vfTwU:46Y1yL3l0rwWR5871E8vln7439sU-k_DxL-5lxAjRfw	2026-02-12 02:15:34.295904+00
di76hulsrbhe34djx6uppd5u4kdfhlox	e30:1vfTwc:FO742MGi9HNkInZpX2p7kW49gR2EPBoYbyP01hu7BMc	2026-02-12 02:15:42.894828+00
gwtpqfpx7n5ru9rtlfm75oncpe27apzf	e30:1vfU1N:Yc1DgLQ3l8nWt3S1JjBOPUnWVNMsuBNRehW49KZdkB4	2026-02-12 02:20:37.889326+00
umibd50erauneijh1tlpz7t4jitu1jdt	e30:1vfU4p:SoHeahZp4cibnkikSTCaceyRNat1DPfIgqJOsf6-DPE	2026-02-12 02:24:11.695649+00
90t7rw7f4z2bi74dybcxywo2va8fz9bk	e30:1vfU7F:_Yt27w2LcOeFJIWq5O2y0kpS7wtqHrnKOcBKULDp0GI	2026-02-12 02:26:41.359949+00
yyn3j4pyhpsntr0nv4ut5xw4cj2xvxjj	e30:1vfU9k:nQh0ZUAmyKGvAc_XEkUNoZmmRsF-zl4bM6QDJ-F7S4k	2026-02-12 02:29:16.968442+00
662tyaccs5mosrejish8h2h13dn4sle2	e30:1vfUC3:qZfoChlYgdcpBNQqutUuJ6j9wIYCBYuQDLjFfYZdfHk	2026-02-12 02:31:39.956211+00
b97m1u91xbk1dfuo29vq8e3bc5w0upre	e30:1vfUC6:uYOya0oZqZ-LND2nAk8lLdiVaD6AeCMT3KvZoU2YE1Q	2026-02-12 02:31:42.678053+00
ir081b5h5x6hn5kfjdfm9wtfhrh1sah0	e30:1vfiM0:yq_NDpb-zf-gtx7GTdWUghipLfZQruZPUvlJHeelLB0	2026-02-12 17:38:52.118962+00
hfdm07kgq4w7m3xkdudrj8rhzd3t84pk	e30:1vfiM8:uA1LsVcNrW-hxqi_r0tw43siJ0fFhbgqwV9wvkSDYUU	2026-02-12 17:39:00.962835+00
i1xnchtujvm6ma8xcw7j66tbcc5es9g1	e30:1vfiNv:yFGf49eA84jHn0aL65IjH54DHIM7Ue3D41ugTBfKzd8	2026-02-12 17:40:51.618129+00
sqxu2uhvj9viakr4hq170t4pw0viforo	e30:1vfiRF:RKcuwCELv327Iy6C2U8_vMFRBIVQfETFTY35UMEUoVA	2026-02-12 17:44:17.954089+00
8q671m4i0glhalnb3yxn1wzxjtiemp4b	e30:1vfiRa:TAQRv3vraBgEpb2YTHUiTFX_0y3Ry-ENqxVhyCwbL1k	2026-02-12 17:44:38.936433+00
3wrcv5e4dtkqzask6987wzph0wznzcwj	e30:1vfiT1:cNK6WCHuKS-lk_YXMMxI5DvLhk-K60Aj1VbxrnBn298	2026-02-12 17:46:07.81424+00
no1brbrgvq6r7ykihzj5hx0e2fs0ke59	e30:1vfiWp:BmhIQIPPLHpSYgHUm88q9rL1QVQJ13SAR0B5OTaMPp0	2026-02-12 17:50:03.035488+00
xonn2j6ipuu7iwvi1v0ma80jm2crk7h9	e30:1vfiYY:gGMgvTg3ZteZgB8fpp1CfVJDJj2nwSAFwlir3m3NdIM	2026-02-12 17:51:50.434811+00
hc8d7kkarma7ywisajauy0b5bk9cbtxj	e30:1vfiYY:gGMgvTg3ZteZgB8fpp1CfVJDJj2nwSAFwlir3m3NdIM	2026-02-12 17:51:50.934262+00
20knylq94pmmz5oviqpp1iplzmq7faa5	e30:1vfkxp:gD-Lt3B_vnWcLnCe6VOuYS5lzRh3pNrEYAgFYZ1HcTM	2026-02-12 20:26:05.198701+00
mdo8joujtofgqcu9eukldn4i8cdxm9u5	e30:1vfkxv:uWE8l0W8mJMgmDKcCeyKz0vr5gI0IvhK_qDSvpXvT6I	2026-02-12 20:26:11.650569+00
im7vs7bovagtcmolutjtccukjeemwzvp	e30:1vfky1:40zq-Mt7ikLBBjYh9aZLcJ3uNm2GArxg5cbIUDYyRdY	2026-02-12 20:26:17.294024+00
tusq0oktblybbvkt8lgpytcwifgix3h3	e30:1vfky2:dMQPlBh1T9XyspNknYfnSD1QYcc1aqvtZQClG_mIYbE	2026-02-12 20:26:18.64281+00
nodz3zxtzwhdoaursc9eanrloxu9bpez	e30:1vfl03:tzj_1arLc6Tj386vR0BB_EvFRjBKNtHlBGHO6wJwJYg	2026-02-12 20:28:23.035441+00
eefo1s2tyr3tcmt23ul9qz8g2thifyox	e30:1vfl3j:kM5gpRa38nYu9g5BrIxqKZ2x9ng10wWx6npFeMFSnIg	2026-02-12 20:32:11.910736+00
s7nr4omqb89wpafj1x99fnx5itr42dhn	e30:1vflBt:dc99i_pw2IYDBf8LU4cH9lu9sOxc-hDSqAJ-O2TiGO8	2026-02-12 20:40:37.366569+00
h0d1xwnnylo3wt7ustbemf7ziix1yniz	e30:1vflE5:fWvxzN7VcKYj7HHbzQYhAI4dUe2MrjLVXiiHscXOYiA	2026-02-12 20:42:53.539695+00
setrcun8qu9ml55nj9et51p81p4183yd	e30:1vflHX:SnsiDJtdP5-3NXscl9P0yrLD4_KMR87qkjtllr-Sehg	2026-02-12 20:46:27.689386+00
x0i2hfl6y214f9m5y05z3vympfdxrl4l	e30:1vflIu:yBBrxt06c09IwRF_9tM_7TG5J09GBCvnolGFi7rKkNM	2026-02-12 20:47:52.974435+00
oj9y3il11b0e090l59kg0lsnxcj9s3t4	e30:1vflNV:_5OSaqySavcQe0NBVwbwnRrJqtkoFloqQZPXRAYACe8	2026-02-12 20:52:37.493417+00
ecmlz1xvfvga0wsuwjlz1l7xv82zhu1z	e30:1vflYz:KPD5Db9pAmkqvgoSh1ztRgrtp-aBkZHozEQaaxtsVgQ	2026-02-12 21:04:29.996025+00
pkogm7u4jsq1znqh4arauzn692ui5jmo	e30:1vflZj:x2nObFZRnu78wJmobYpxn_TiFKRmGGnOsC3t6eqCHrA	2026-02-12 21:05:15.818215+00
snga4no919eep7smavm39aha7yp5g90z	e30:1vfmBV:18PsoR1vxAqLOboJNcHb31emQavCJ2HK9L4REAczqEM	2026-02-12 21:44:17.012351+00
3g93rqiygmwltv6r13bt4keqju832e56	e30:1vfmBV:18PsoR1vxAqLOboJNcHb31emQavCJ2HK9L4REAczqEM	2026-02-12 21:44:17.179614+00
hb1da7ms6usuo9hvwt88ysp9xpozr9ne	e30:1vfmBY:SNIKyxIPfS-x9H1zOk4dKpGNpAbhuCPKB7sI8yDIyCk	2026-02-12 21:44:20.385686+00
sfle5p3te3gv84y0oefy09mpe6ptvmy8	e30:1vfmC5:RXtdsAnn6aZYbYjrsZFCbt9tJnkXb4R3ucjDtjGxnbg	2026-02-12 21:44:53.178039+00
bl33obb8vo5sgdxfxovqg7wuampkhhej	e30:1vfmC9:eEXrAbmxsKtbBPkEgB4T6V6GZgo84pKLunycdU56DXQ	2026-02-12 21:44:57.698864+00
thiwx6y0jrf1wfbxlqgf9la8q2f9t0wq	e30:1vfmCG:OoWjFAN7509CZ7sA75jKVkZkkSrH41yuMScwovDALHo	2026-02-12 21:45:04.257468+00
kms51s67um8evyiexzk3ac5hxsij72nc	e30:1vfmCK:bXLFiZcqyyw3awjPoT23BEpbhxFE1kKePHrcmKIjOwE	2026-02-12 21:45:08.817492+00
amvcf7buxjnml4w39xaki6o4406snwvd	e30:1vfnPB:DedA6jPscSOg-Ycv0sGyQ97o5mh7Kmdwlk15tSFdXeg	2026-02-12 23:02:29.289294+00
2duxl3n5hh5athcl8wxnwcoss4hdqmkv	e30:1vfmCQ:GBB_KYqv5XhS0ha9WYoPN0gp9xjkLqJkBsaeN0c0kX4	2026-02-12 21:45:14.940745+00
t9dai9m8f8pcs2reny6xrrd2wxwvr7y4	e30:1vfpm0:sy4VgUCpdz1HZrwRyYxMvDayFOrv0Rb2Czn77gG08as	2026-02-13 01:34:12.994353+00
d1pnh32hngwac0uyd6a5tstjxvmceq3a	.eJxVjMsOwiAQRf-FtSE8AohL934DmYEZqRpISrtq_Hdt0oVu7znnbiLButS0DprTVMRFaHH63RDyk9oOygPavcvc2zJPKHdFHnTIWy_0uh7u30GFUb_1WSngoClGZGvYeSrBo2cGZbViLoTEMaMjZXzO7J3ViDZjZAvBG_H-AAu_OSM:1vfprU:TWIscOPmA2PVlOhvZa3b3FjqkoFA8y2zjmXz-pa7Z9w	2026-02-13 01:39:52.764233+00
mwgj4h1zrssfmcxoqraxusz1z3694bic	e30:1vfsp9:Zc10Ku21KXLPK0Dtea4D6MPND3xEQpmYl9J-LTc4usg	2026-02-13 04:49:39.519923+00
nzd9q1477832dg4vsy3aia7y8qttj16c	e30:1vfxk2:y1S18EocOwWIhFJ_rT099n6wVCp4jOLx0v7A7-Bis1Y	2026-02-13 10:04:42.372826+00
gvuy9xguw3bug4cr8l2o90lbctkzjd83	e30:1vg69c:hTWxhfLDccUrYBTABH-kUfl_hHKFZHC2VEtmlLUWqNA	2026-02-13 19:03:40.125857+00
pu3eh2xv8is185ub1xn45z85cw5jzbwh	e30:1vg6IQ:bAKCgfeMe0XaNRyuPDxgVfGKkEplroVjDEYzY1X_wRo	2026-02-13 19:12:46.288871+00
ebly39lfjsz1bwuexmi3iz6aemugxzqw	e30:1vgPdN:pf5Y8udRoCS65mGM3ivepKjj7XPK-H9J7M6it6NxHA8	2026-02-14 15:51:41.585187+00
ghw9ov1zqx75tsenigv1cy7a6eiyf02s	e30:1vgREV:HANMZjMXn1d05d4I0ESLPwN3pxbt4CcoHuAxHEKf7vM	2026-02-14 17:34:07.86138+00
c2ggjmpyeczemym2m8zpu4pgo6ly1d2h	e30:1vgRKB:5EgRMADVabSx2xo8TDKfUG-txsrMoaxl4AHE3D0Wv2E	2026-02-14 17:39:59.143421+00
p3wqf357ki0kooy6exer56bop7fn2ceo	e30:1vgRKc:xseTm7aFbK2xURa-deVcO2cgFdwOYS7xlelpr_yxrAc	2026-02-14 17:40:26.750859+00
fkfil5fts9k0gdlfyh7ob9t7oiuxk3t1	e30:1vgRKe:bhUulelXkWUbfa2PpaNmD4FG0l43D4n63TFVTRGg3GQ	2026-02-14 17:40:28.227694+00
muwtrwiqc5fib1psn3tlvcayo52stu0p	e30:1vgRKq:2cDXLoFGIBICAhHHTe350JfOvMAeIFMc7hcxsVV-jnA	2026-02-14 17:40:40.592352+00
6vtpi70ft4hqx7ezyn42bwb4sgnppkv5	e30:1vgRKs:_ERVUip_Qcv-RuzkE2BGl1QWoBYsogCG4rGO27FqHys	2026-02-14 17:40:42.047993+00
x88gk89xugf5fjvruy4n6uoeh9rt1byp	e30:1vgRLj:mK1pVUp9P4M842BeeYHkZM9zzhnYdPZ8u6Q7yK1KGVE	2026-02-14 17:41:35.164321+00
xf0ay5zvx0jom7quohyqmtsxez6n7eq1	e30:1vgRLk:Ao9dl0-Hqe3oVc2NKuzYzLTW01-yywDgC6qjEKWvbdg	2026-02-14 17:41:36.573585+00
y6e52d3qc5fcydpsuk5icrjs8sij3c2x	e30:1vgRMK:OaMZ5YHv3jzLfT3SSKxcBIcjiD91sDGw79zvK1X3vs4	2026-02-14 17:42:12.32768+00
bpggs2p3ud17dl7zb3gyiwqn2cnmt4u9	e30:1vgRWM:NViwmZ9hhgIH601-tZryaw4lkQGXYb3fyL6j_-xlXoo	2026-02-14 17:52:34.8401+00
0h4hgj0milxjboukvfseszonq9ssmhhp	e30:1vgY64:63W1GY-aJXIK8lLYHgpixAUL8N24WOIQBDuURZa4USs	2026-02-15 00:53:52.047693+00
dxcnnmpoykpgti7etoacxmow80ah0dk0	e30:1vgiWM:9K0CYd7BpujfrEhDpfHQRMFByLl8s6qo11W3Jx02zMg	2026-02-15 12:01:42.695026+00
lvnq9tue7l6xz5dvxqk5thb03zhpsdnv	e30:1vgiX6:nZrQ_jDmwzxAVspqbPD2ektBCS0doOq9xbssZSGdwkI	2026-02-15 12:02:28.489058+00
exisy6havelgkmh6xs3fm0eoumbsnvhq	.eJxVjMsOwiAQRf-FtSE8AohL934DmYEZqRpISrtq_Hdt0oVu7znnbiLButS0DprTVMRFaHH63RDyk9oOygPavcvc2zJPKHdFHnTIWy_0uh7u30GFUb_1WSngoClGZGvYeSrBo2cGZbViLoTEMaMjZXzO7J3ViDZjZAvBG_H-AAu_OSM:1vgn2P:hOWgAhXZln-71D-HpA-CWS5mcdhLcvUvRwXbqIMYvvg	2026-02-15 16:51:05.308005+00
3dm978s2eg5qsfse9h6gbiijwquejmrl	e30:1vgnww:LOTyE1X6ftNeIQL0ls1TVxZearmshgZE_w9ogHmNi7k	2026-02-15 17:49:30.783621+00
iipzu9vudsingelpcs3hbipakwe2g7pl	e30:1vhEKS:JX3ep3dpQdB83-Ra_neV7DcN10ROiGlGrIG47lrdeAQ	2026-02-16 21:59:32.990383+00
vz285stykgehab849uxxo9dgy3vgfb3s	e30:1vhVY0:J_hYzcRJeFLZ5-pDBC48lYBYQ6SeoxfHMyAW0HQzvlw	2026-02-17 16:22:40.678455+00
12y8giiyhfuvzkvz417rgq5aw49v2ljr	e30:1vhfLj:iZiOjTwIYNgptygxSYtD3Bev1HkDK8tyOHgLuN0OrTU	2026-02-18 02:50:39.863567+00
qakpi6djnjg4hmc02a26egdatybcgj7g	e30:1vhwMF:-EUGP186ZqM7ayD9BQBxFyZb4IyCsiVH1H_p-mMIx_I	2026-02-18 21:00:19.411999+00
p0yh90ox45qmw0zbinjlaluhjv95i4xp	e30:1vhwMU:lH9Jvmyb_vuVj5Ocu7INar0hDtuJqeoaIGyr3MsiAmY	2026-02-18 21:00:34.073014+00
2jpw7fzpsra5j1xxv8htqyeelbi8iku4	e30:1vhwPA:jtoKFQny_G2m0CQ371Wrw1ffbXeMSJJ7mcRcT6fVuWI	2026-02-18 21:03:20.366655+00
ew25959jn0pvesnufxjifgs806br2z26	e30:1vhwlX:wM2019tl4siX9woultMTAwTJCQECJbSj9UoeWQkdCeY	2026-02-18 21:26:27.778459+00
zzw4hlk4jke53tcgy7vgpqaae5ojhqki	e30:1vhycQ:RLsyObqUlTkNXkKQX9rSCFF7V8nfzSx_KSEsDIcJ0iY	2026-02-18 23:25:10.743235+00
bq2wthdyfs6ft7drkpxc3qf87yz1nisp	e30:1vi0jK:EwKxjrSz6mtahmeffni-Y1ct7VVSlCq57nGKTQLtArc	2026-02-19 01:40:26.65645+00
8idy5ai18o2vdg3484n6tkhne8q2bnic	e30:1vi0wY:87eIZLkMzUaS_iU_DDNC0klNVWdkXqD_hhtGjMeEo0o	2026-02-19 01:54:06.211072+00
9lj76hb89vkg5pq2nuj1syu62luwt0qe	e30:1vi0x1:z2hYOxXnoz4qqExVQ1zvjGAEKoLC5xQcE6nv5xU__2M	2026-02-19 01:54:35.500732+00
hy6mmctrdhergyxfqm096smqali52n4e	e30:1viDPJ:xSsME35Qte68Ecko9tjelCHOnku2Vzuh3fO7um-kvN0	2026-02-19 15:12:37.703447+00
s31pdt20v4xeohzrm8f08lmz1ml9ptvm	e30:1viDQD:hQ1vygMiW6dFlx_qGPK1T45lBNy8VkazR6mc5vvydz0	2026-02-19 15:13:33.574202+00
ew381dqn6qo9q7hpe794w7913cuuseds	e30:1viDSJ:zSdFFNWwNbT7OZsLs2Klu1V9c8EW2XXCwIsQylsvf3E	2026-02-19 15:15:43.889697+00
fccuh7fhxabeqexacv3p5zdha5j484kp	e30:1viFeQ:3d92yv7bQOW16BiHIhp9RJpjhDYyIurp4f3setZU2MM	2026-02-19 17:36:22.581816+00
9vitul6mboltgml7kuifwopraeknwt4l	e30:1viFeZ:w7sXhhrhbwueUxVNROwnJfiPg76CRrMnWVo1T2d_nfE	2026-02-19 17:36:31.347759+00
vnuuv3m29gwctqfbzrgo3mot9snbgh9m	e30:1viFmT:OVobXLfevjUcOvuUCh78UBRQbFnSA7r5XhxXgdDBjqU	2026-02-19 17:44:41.725617+00
p9nyzez6pbaar93d81p6u6obersa6up2	e30:1viFnI:XYGZuNZZFGcz2qUNdPHt2qV2W162Sww-dWxV82XmE1Q	2026-02-19 17:45:32.178432+00
aiqz9grog2in8onxz0dydg34zen5dg1a	e30:1viFnX:L-e2ZQy25E-H6bIfYUh0Gz1O_bRydWCRGeAnuLvgvTI	2026-02-19 17:45:47.384898+00
8jf62f0ockv1rt2uruec69ehio5ybnci	e30:1viFoT:TcZKr5ad9hwRCr3xafXZ5eo4gDxpzBRXq17Lsz03rFY	2026-02-19 17:46:45.129543+00
owttxtsgkqe0wz4217f9gxc2gvjz5j0d	e30:1viFob:AsLwLDLjKsENumov0VY76Ad0-ueyxakNrsvKjp5Sbh8	2026-02-19 17:46:53.437927+00
m1qqh5tatrekjs3d736xfjuxa5peav7a	e30:1viGNe:DgfbbEdQfCx0vCqhx-vCAZhYUs4xFIwE3RrgwLLXjHc	2026-02-19 18:23:06.404773+00
kcvky2chmxs4zgn2csez7lz8vhg2nim0	e30:1viGRC:S8-Oagz0jxuFOPJop_DzlG7xcmqCGAs9NLa7l7D16z0	2026-02-19 18:26:46.509159+00
5rx5jux3ixhku2vo3mlx7tn3xf4g7r44	e30:1viGSf:3XBzGRiibI3xlRAxtzeVawoq0J3eT_TbuBaGf-ymNX0	2026-02-19 18:28:17.005914+00
jhcwmqb7dqo2azcc09xfob1cuwh2vy44	e30:1viGUA:Uqx7luiJt1tXzNvz5ehErcJMEXywYWuAwAhlrflYH2I	2026-02-19 18:29:50.590513+00
lh4rfedcdli7iz1huhfd93cnn9rcxod5	e30:1viGta:YVgNCj-hwY2J4c3TtD2IGLHpyftNCWsHvlCYvc5aHjM	2026-02-19 18:56:06.956935+00
mx6cvepb63arvporoi75ivysud2j8dq1	e30:1viK1l:zo-HkoY89vp2oJzVIhUyNcMr7HQDUfq3NCUugINT1r4	2026-02-19 22:16:45.415357+00
6l9e1fez004rbqqbkyqvmmkujpdbr09c	e30:1viK3o:r-mZ283Hkzcsnad_mamsKnL6Mjm0uMPq8Ge-qNjytWE	2026-02-19 22:18:52.383479+00
zmmwy0ne5s30uti2ent9e3pa9rxam165	e30:1viK7b:XzAbArBtj1f4HQqVhKk6ops9omJFK5-4avN8k5LjOxE	2026-02-19 22:22:47.126599+00
kaqxi7siionstgcwzfycrelqdxzyl40w	e30:1viLZf:Ui0_GfK9Rebr4fSzxCbUPGa3T-fH6clqli9CfRL8134	2026-02-19 23:55:51.620688+00
cp2wyq0ozprn3pjmz3y1xdq5502iridt	e30:1viLku:nuTJ9qMNdVNVcmJx23lcl6VgU0ADev5sUJCXx709T00	2026-02-20 00:07:28.530418+00
rlpcxgmbphq6fejmj6yu63ojkiyjin2a	e30:1viLlu:7jlGeluIup9hRncDifGwTB2Ofn5fb-Yc3FI2rOFfH2g	2026-02-20 00:08:30.407881+00
35hxsko3b0crlixvfx3v1clinhgl864f	e30:1viM6m:xje0y0_UHe2SsCElcVCqS4aRThjOT25j2kTA7iLDCIw	2026-02-20 00:30:04.255624+00
14ghuicu5jci9dine3m6uyunkkq1wa3f	e30:1viMEb:gjjuIyKPRizsHv1vn4utu0k0yrkjb6ANOcsQhYXjhgw	2026-02-20 00:38:09.59646+00
fhm2awh7ja1y9ayjq8bknjapxtq45h7f	e30:1viMEs:C1sLaDyWlnIQCAxCu5cWATlHKbrNeZboFjMAqXkwa94	2026-02-20 00:38:26.139048+00
74d8v0bc1car2yypqkcgpje3b3etcvpf	e30:1viyPO:rwSvCwcpOuK3fCljq22dagXR2IQfMFUYACWpGwuJGw0	2026-02-21 17:23:50.931821+00
cswymar3hpc6u2ga7aq1vey3kxv3dbdw	e30:1viW2E:K1J4uxqluIKyX1od31n1h2g9OiexT1BPy2r9YLoKEUI	2026-02-20 11:06:02.41907+00
3v3myo1gb4nff2ivgbu5zq4xkbmfw07l	e30:1viWjj:sTiMCVVRlStlsdPR2S8QB4KtWNANj167spDDII671lk	2026-02-20 11:50:59.545215+00
c5cfe7f9j8gv07s2wjv2vqjhs21yi9is	e30:1vizin:xYbs9nSps5xMSMHmzodyvMD7VHpjZx5KkIpVqE9jRl8	2026-02-21 18:47:57.68585+00
ynh91prsaianpop2we6ukaza7ry1a95n	e30:1viWum:oWqoRDqvu16wV7mffpQqI-uutdotvr3p6ZBIds5uGc0	2026-02-20 12:02:24.499199+00
rt9hx3fhw08ke1di60sa6nf638a02ab3	e30:1viZi7:69J4SZAIDYJlBTWj2fyu6zt0wqQXgwuaF2e69R7RUCs	2026-02-20 15:01:31.097913+00
8uywykc5j9ps32kbw7g2rt322uwagf9z	e30:1viaHn:AfhzMZx7gPmzSbqsSpvrrVonOjSGtSGqnOiE65VmIaQ	2026-02-20 15:38:23.757138+00
aai64fpju7rg8nz7kfvo12c4mwguyr4l	e30:1vidzM:mB89um1gOQCDfYm5J7xXsix5KilkI9RE_jkCkIx00E0	2026-02-20 19:35:36.283322+00
5yiw4sx2uakqh6alsjnbiojr8vu1iuc7	e30:1vimqC:9qzGT6U17HB-iBJFgKQnjOTdSsM-ir0NOuQ8n-ClpU4	2026-02-21 05:02:44.516341+00
xb9z027c16qpdqr71a4cr1s0tcluqvqr	e30:1viwuJ:FPZ3-M_q5gwET1LdHULWHEzEMS-ET1966bGuzTBbAlk	2026-02-21 15:47:39.749769+00
4xvajzth2tc7p7tm0i19kyzt1ywvrplx	e30:1viwvv:s2PqrvWmPC_Y5cKIudn-qH8ISgs7dOPeDOk8U_ANGTA	2026-02-21 15:49:19.974402+00
v7xlhaxzcv93ssc1pla80g4ompfc0y1v	e30:1viwvw:f11hgPTlsv2T1UXUVP1Jf2CBa8QmNWtQ0Tj8GknsJq8	2026-02-21 15:49:20.579488+00
j54uoj1fz42dtty7a5dp3i2j7oce7ouf	e30:1viwvx:RlDvM-Hg2RYOlwoVLVF97NGsrlXGTkOVVC9WS9AYIT8	2026-02-21 15:49:21.292523+00
\.


--
-- Data for Name: mockup_savedmockup; Type: TABLE DATA; Schema: public; Owner: postgres
--

COPY public.mockup_savedmockup (id, mockup_image, config, created_at, wall_analysis_id) FROM stdin;
\.


--
-- Data for Name: mockup_wallanalysis; Type: TABLE DATA; Schema: public; Owner: postgres
--

COPY public.mockup_wallanalysis (id, original_image, original_width, original_height, status, error_message, depth_map, wall_mask, wall_bounds, confidence, pixels_per_inch, wall_height_feet, created_at, completed_at, session_key) FROM stdin;
a19f268e-9eb3-40ca-8f8d-756c49a95154	mockups/walls/modern-living.png	1536	1024	manual	ML processing not available. Please select wall manually.			{"top": 0, "left": 0, "right": 1536, "bottom": 1024}	\N	10.666666666666666	8	2026-01-19 20:43:38.365315+00	\N	exisy6havelgkmh6xs3fm0eoumbsnvhq
9b38f3f9-25b5-482b-b505-d1a07bce0f47	mockups/walls/modern-living_0Y6EVfm.png	1536	1024	manual	ML processing not available. Please select wall manually.			{"top": 0, "left": 0, "right": 1536, "bottom": 1024}	\N	10.666666666666666	8	2026-01-19 20:53:28.549435+00	\N	exisy6havelgkmh6xs3fm0eoumbsnvhq
705ad814-bdf8-49d1-9ec8-8f83b3878487	mockups/walls/modern-living_zMCd6xC.png	1536	1024	manual	ML processing not available. Please select wall manually.			{"top": 0, "left": 0, "right": 1536, "bottom": 1024}	\N	10.666666666666666	8	2026-01-19 20:54:33.54381+00	\N	exisy6havelgkmh6xs3fm0eoumbsnvhq
05859e28-5a51-46d0-b8a3-9914f7f51e7d	mockups/walls/cozy-bedroom.png	1536	1024	manual	ML processing not available. Please select wall manually.			{"top": 0, "left": 0, "right": 1536, "bottom": 1024}	\N	10.666666666666666	8	2026-01-19 20:55:50.316875+00	\N	exisy6havelgkmh6xs3fm0eoumbsnvhq
4c1b94aa-5746-4648-ae25-ce4cf58c6cc3	mockups/walls/modern-living_Zr0V1AK.png	1536	1024	manual	ML processing not available. Please select wall manually.			{"top": 0, "left": 0, "right": 1536, "bottom": 1024}	\N	10.666666666666666	8	2026-01-19 21:00:33.463176+00	\N	p0yh90ox45qmw0zbinjlaluhjv95i4xp
c26c2aef-c0a7-4499-be5f-f402c27c7f9f	mockups/walls/ChatGPT_Image_Jan_19_2026_01_59_15_PM.png	1024	1536	manual	ML processing not available. Please select wall manually.			{"top": 0, "left": 0, "right": 1024, "bottom": 1536}	\N	16	8	2026-01-19 21:27:45.66217+00	\N	exisy6havelgkmh6xs3fm0eoumbsnvhq
10a75678-3bb8-48b6-b7b4-cc61225f22d4	mockups/walls/ChatGPT_Image_Jan_19_2026_01_59_15_PM_KdlVthQ.png	1024	1536	manual	ML processing not available. Please select wall manually.			{"top": 0, "left": 0, "right": 1024, "bottom": 1536}	\N	16	8	2026-01-19 23:40:11.556173+00	\N	exisy6havelgkmh6xs3fm0eoumbsnvhq
70f197aa-716e-4206-81b5-843c005b2ae0	mockups/walls/dining-room.png	1536	1024	manual	ML processing not available. Please select wall manually.			{"top": 0, "left": 0, "right": 1536, "bottom": 1024}	\N	10.666666666666666	8	2026-01-19 23:41:22.624601+00	\N	exisy6havelgkmh6xs3fm0eoumbsnvhq
da62d7e1-f504-4945-8283-165473d2a6a5	mockups/walls/1.jpeg	3024	4032	manual	ML processing not available. Please select wall manually.			{"top": 0, "left": 0, "right": 3024, "bottom": 4032}	\N	42	8	2026-01-19 23:46:16.042797+00	\N	exisy6havelgkmh6xs3fm0eoumbsnvhq
d25ecbec-3e2e-427b-9ee6-8827a71da0d8	mockups/walls/1_thVjRPS.jpeg	3024	4032	manual	ML processing not available. Please select wall manually.			{"top": 0, "left": 0, "right": 3024, "bottom": 4032}	\N	42	8	2026-01-19 23:55:59.884633+00	\N	exisy6havelgkmh6xs3fm0eoumbsnvhq
5bf14971-44ef-4e1a-aad1-6d4d00860282	mockups/walls/IMG_2699_KigVHoq.jpg	2820	3760	processing				\N	\N	\N	8	2026-01-20 00:20:22.107847+00	\N	exisy6havelgkmh6xs3fm0eoumbsnvhq
700c3921-6d2e-428b-bf0b-37eda0227cd8	mockups/walls/IMG_2699.jpg	2820	3760	manual	ML processing not available. Please select wall manually.			{"top": 0, "left": 0, "right": 2820, "bottom": 3760}	\N	36.86274509803921	8.5	2026-01-19 23:59:56.897415+00	\N	exisy6havelgkmh6xs3fm0eoumbsnvhq
f6d17041-4edf-4cf5-8b39-cef5c7789b84	mockups/walls/1_BsXjvPw.jpeg	3024	4032	manual	ML processing not available: OperationalError. Please select wall manually.			{"top": 0, "left": 0, "right": 3024, "bottom": 4032}	\N	42	8	2026-01-20 00:08:51.938789+00	\N	exisy6havelgkmh6xs3fm0eoumbsnvhq
210f2733-532c-45e3-ae84-d54ba2e5e896	mockups/walls/IMG_2699_BYRsAyI.jpg	2820	3760	manual	ML processing not available: OperationalError. Please select wall manually.			{"top": 0, "left": 0, "right": 2820, "bottom": 3760}	\N	39.166666666666664	8	2026-01-20 00:12:16.218184+00	\N	exisy6havelgkmh6xs3fm0eoumbsnvhq
7875aebc-5447-4a4b-a32a-3fa841a8efbc	mockups/walls/IMG_2699_ioayygr.jpg	2820	3760	manual	ML processing not available: OperationalError. Please select wall manually.			{"top": 0, "left": 0, "right": 2820, "bottom": 3760}	\N	39.166666666666664	8	2026-01-20 00:13:12.801316+00	\N	exisy6havelgkmh6xs3fm0eoumbsnvhq
e804d19b-7dd1-4ccb-98ba-f4dc589392fe	mockups/walls/1_Y7u5zqO.jpeg	3024	4032	processing				\N	\N	\N	8	2026-01-20 00:25:03.665558+00	\N	exisy6havelgkmh6xs3fm0eoumbsnvhq
67cb3b4a-6889-42f9-9c66-7dd137f0b696	mockups/walls/IMG_2699_ulngli6.jpg	2820	3760	processing				\N	\N	\N	8	2026-01-20 00:27:04.77485+00	\N	exisy6havelgkmh6xs3fm0eoumbsnvhq
a21748aa-d105-42a3-a338-91d1a8f06217	mockups/walls/IMG_2699_JwoqVAH.jpg	2820	3760	processing				\N	\N	\N	8	2026-01-22 18:01:13.524542+00	\N	exisy6havelgkmh6xs3fm0eoumbsnvhq
6e5e7112-2e59-4d56-b54a-d2035e42b401	mockups/walls/1_5qQAixc.jpeg	3024	4032	processing				\N	\N	\N	8	2026-01-22 18:04:17.28561+00	\N	exisy6havelgkmh6xs3fm0eoumbsnvhq
f3a5ec90-b95f-4b01-a1ee-378003a44eda	mockups/walls/1_JBJatnZ.jpeg	3024	4032	processing				\N	\N	\N	8	2026-01-22 18:04:47.28549+00	\N	exisy6havelgkmh6xs3fm0eoumbsnvhq
cd7f4283-41a9-47da-9c8e-00c29be0b69a	mockups/walls/1_1.jpeg	3024	4032	completed				{"top": 576, "left": 242, "right": 2844, "bottom": 3581}	0.786	35.773809523809526	7	2026-01-22 18:28:21.419917+00	2026-01-22 18:28:25.712057+00	exisy6havelgkmh6xs3fm0eoumbsnvhq
cc86c22a-b2fb-4433-83ff-3f9839d9081b	mockups/walls/IMG_2699_1BkctdT.jpg	2820	3760	completed				{"top": 433, "left": 248, "right": 2673, "bottom": 3269}	0.735	29.541666666666668	8	2026-01-22 18:54:23.050299+00	2026-01-22 18:54:26.765995+00	exisy6havelgkmh6xs3fm0eoumbsnvhq
7e801a6d-d70c-45e5-b74d-70b64a4f036b	mockups/walls/IMG_2699_daOiAVe.jpg	2820	3760	completed				{"top": 444, "left": 233, "right": 2669, "bottom": 3299}	0.7453333333333333	29.739583333333332	8	2026-01-22 18:19:39.15847+00	2026-01-22 18:19:47.519624+00	exisy6havelgkmh6xs3fm0eoumbsnvhq
df7e5a97-b693-4659-a619-fd9e5c93b50d	mockups/walls/1_86GMFxb.jpeg	3024	4032	completed				{"top": 288, "left": 215, "right": 2831, "bottom": 3819}	0.7086666666666667	36.78125	8	2026-01-22 18:53:31.109018+00	2026-01-22 18:53:39.421156+00	exisy6havelgkmh6xs3fm0eoumbsnvhq
\.


--
-- Data for Name: orders_cart; Type: TABLE DATA; Schema: public; Owner: postgres
--

COPY public.orders_cart (id, session_key, created_at, updated_at) FROM stdin;
1dfabdb2-655b-4f3a-a58e-a69fc9c18a68	6fk2q882rp6v6ctjncgzkctji5hc3d0e	2026-01-08 00:18:43.378513+00	2026-01-08 00:18:43.378533+00
703cd8b5-4545-4334-8d43-91426d24a568	otb7ugti17sql5uqmdqx5knqfzhbi5cq	2026-01-08 00:41:09.74203+00	2026-01-08 00:41:09.742043+00
30fb4ec3-96ca-4900-a83b-720b22a58a0f	825j7lswcqjtv4lbymitp6wua1jq47jt	2026-01-12 22:31:07.094711+00	2026-01-12 22:31:07.094722+00
84c11b63-f158-4f18-ada1-6dd7f9f7dc08	9rf1ifgpsws8nz8w4a06d0vsjdq1p28k	2026-01-12 22:34:50.673947+00	2026-01-12 22:34:50.673978+00
638f05c8-d5b4-4a94-97c0-9b2888e5f1ff	of07ih17abgcct9xyz1fiopeqw026qxj	2026-01-12 22:45:21.636364+00	2026-01-12 22:45:21.636382+00
6646dacb-e204-47ef-9c82-9da100da60e9	acp4eoa88excdqdompv99f4tg8zf2x68	2026-01-12 22:58:09.157171+00	2026-01-12 22:58:09.157186+00
ab64fe3e-3805-4e7c-9c3a-28a936ecd97c	2awrwplr756g4wqjb5gv4pzbyaib8q3p	2026-01-13 00:52:47.901299+00	2026-01-13 00:52:47.901312+00
46dd91cf-ebcd-49a1-a463-8fab9d1374a4	k0uauk4n6o7ps7pei4y3fbwvavebnlq7	2026-01-13 01:36:30.822882+00	2026-01-13 01:36:30.822895+00
c9d34457-f38e-4675-a2f9-fea11628c433	wije0circdjyxpgm0srv0d3ne4r0js95	2026-01-13 01:58:35.36348+00	2026-01-13 01:58:35.363493+00
2af808a3-a99f-407e-ae8e-d970f0ef2147	60l6psatl6ubmj9mu20tw3mfv6vfy6qb	2026-01-13 02:02:50.57653+00	2026-01-13 02:02:50.576552+00
d8c4a9bc-108e-404b-bbd4-bcf30300b6a3	32rna23ast69hnli09w1oe8y0p95x3fm	2026-01-13 02:02:52.750098+00	2026-01-13 02:02:52.750113+00
908993ea-2727-498a-81e3-fed7c25a61b9	o1q7ncw3tbsrsdxgfjcbw21wsbvu68ld	2026-01-13 02:03:02.99965+00	2026-01-13 02:03:02.999664+00
b7df8dbd-be6e-4cd0-80a1-eb2ef6e3c535	65pm8cxqqysals0qu5z9ahi0vjspscl0	2026-01-13 02:03:41.267883+00	2026-01-13 02:03:41.267897+00
dd728975-7b81-434e-937f-7e4b9bf7a4ce	i8hukbtsl3byt4cvngb2356bzc6xju4g	2026-01-13 02:03:42.23227+00	2026-01-13 02:03:42.232286+00
8818131f-a49a-4f7f-b5f1-143282364907	o9ck3itgkws2nwdqt5fybma07cv6witj	2026-01-13 02:04:14.976251+00	2026-01-13 02:04:14.976265+00
20e5f7e7-b580-4ae5-9996-3ce751ac04f1	aasen6fffhrfn9p4vd0xzyajg7a12el2	2026-01-13 02:06:12.703185+00	2026-01-13 02:06:12.703201+00
2f50faf8-3c94-40d6-83ed-31924d7bf988	6o82yf4o1236frjlpqi85tmyflgwhpqo	2026-01-13 02:06:55.633601+00	2026-01-13 02:06:55.633625+00
099b6c3d-eadf-4b44-9f74-7f7d8faac3e1	d0utolj9jbmgj97wxvjlrnmnn0myijyj	2026-01-13 02:08:46.717089+00	2026-01-13 02:08:46.717108+00
4c726cad-0fc6-414b-b832-acadbb81cf56	qgutmsb9ahsqqlajvtk2y9d5d09yrehr	2026-01-13 02:08:56.905472+00	2026-01-13 02:08:56.905489+00
86907b44-6579-45ce-938b-4f54148dd094	f85w13qzncjly9faeb4rw7hxmyj4rd8f	2026-01-13 02:08:59.362351+00	2026-01-13 02:08:59.362365+00
5a2aa8e9-6ce6-47d2-aac4-c9c00e12327c	262kji229ckkmge9vg2nvp6tetwejg0d	2026-01-13 02:09:19.848352+00	2026-01-13 02:09:19.848367+00
ec665dab-5c71-4338-b693-685918164fab	6jl8j2w7u91no8a4hbcdt8jtw87kuhf4	2026-01-13 02:15:34.178679+00	2026-01-13 02:15:34.178691+00
802e51c4-c377-49b5-9465-3fbd5f015da8	di76hulsrbhe34djx6uppd5u4kdfhlox	2026-01-13 02:15:42.775486+00	2026-01-13 02:15:42.7755+00
76a97431-bf1d-4a87-b6aa-630e18d65dfc	gwtpqfpx7n5ru9rtlfm75oncpe27apzf	2026-01-13 02:20:37.769202+00	2026-01-13 02:20:37.769215+00
54c40a7c-63b9-4cef-aaad-74ff9d537931	umibd50erauneijh1tlpz7t4jitu1jdt	2026-01-13 02:24:11.576509+00	2026-01-13 02:24:11.576524+00
89716f2a-b8a3-4f70-9169-570f4d28dc60	90t7rw7f4z2bi74dybcxywo2va8fz9bk	2026-01-13 02:26:41.241434+00	2026-01-13 02:26:41.241449+00
d56a961a-f7d7-48b4-9879-4d004b53b46f	yyn3j4pyhpsntr0nv4ut5xw4cj2xvxjj	2026-01-13 02:29:16.956346+00	2026-01-13 02:29:16.956364+00
f635937b-df37-413e-b4f4-3313f2e20412	662tyaccs5mosrejish8h2h13dn4sle2	2026-01-13 02:31:39.949184+00	2026-01-13 02:31:39.949198+00
98394c2e-6f6e-423e-94f5-43fedd40cf2f	b97m1u91xbk1dfuo29vq8e3bc5w0upre	2026-01-13 02:31:42.667681+00	2026-01-13 02:31:42.667692+00
8fd41033-bee0-4beb-a986-3c561b97f410	ir081b5h5x6hn5kfjdfm9wtfhrh1sah0	2026-01-13 17:38:52.11092+00	2026-01-13 17:38:52.110933+00
c4527165-b126-497d-a901-47cf8840e1dc	hfdm07kgq4w7m3xkdudrj8rhzd3t84pk	2026-01-13 17:39:00.954942+00	2026-01-13 17:39:00.954953+00
a129e112-4eeb-4ee9-bc01-35f0806349e2	i1xnchtujvm6ma8xcw7j66tbcc5es9g1	2026-01-13 17:40:51.601621+00	2026-01-13 17:40:51.601634+00
04bf00c2-76ff-40f2-937e-1bf9bb596d65	sqxu2uhvj9viakr4hq170t4pw0viforo	2026-01-13 17:44:17.948239+00	2026-01-13 17:44:17.948248+00
cfbb7d77-4539-4903-8c5d-e9788496ad64	8q671m4i0glhalnb3yxn1wzxjtiemp4b	2026-01-13 17:44:38.814634+00	2026-01-13 17:44:38.814651+00
b8c62a60-52c1-468d-b2b3-196ef9fcec6f	3wrcv5e4dtkqzask6987wzph0wznzcwj	2026-01-13 17:46:07.693104+00	2026-01-13 17:46:07.69312+00
37756cdf-8daf-423e-897b-dd460ffe13fe	no1brbrgvq6r7ykihzj5hx0e2fs0ke59	2026-01-13 17:50:02.915841+00	2026-01-13 17:50:02.915854+00
abaa116b-bb17-4cff-8abb-7627a23cf6bd	xonn2j6ipuu7iwvi1v0ma80jm2crk7h9	2026-01-13 17:51:50.419711+00	2026-01-13 17:51:50.419724+00
383e673d-8e58-4e9e-a54d-eb71ca29fe89	hc8d7kkarma7ywisajauy0b5bk9cbtxj	2026-01-13 17:51:50.924414+00	2026-01-13 17:51:50.924426+00
46e56ca3-133a-4ab3-8caf-7b18cf1bf897	20knylq94pmmz5oviqpp1iplzmq7faa5	2026-01-13 20:26:05.184865+00	2026-01-13 20:26:05.18488+00
e5293ebc-dfe2-4074-94d5-b10075ab93a4	mdo8joujtofgqcu9eukldn4i8cdxm9u5	2026-01-13 20:26:11.637322+00	2026-01-13 20:26:11.637335+00
052b6601-26a0-4beb-b10e-c0945d08b31d	im7vs7bovagtcmolutjtccukjeemwzvp	2026-01-13 20:26:17.261966+00	2026-01-13 20:26:17.261978+00
85f09d9e-3041-4d30-906b-4d089b8754f3	tusq0oktblybbvkt8lgpytcwifgix3h3	2026-01-13 20:26:18.611135+00	2026-01-13 20:26:18.611147+00
252afaca-a2b5-44cc-8eb5-fa4b18fb5409	nodz3zxtzwhdoaursc9eanrloxu9bpez	2026-01-13 20:28:23.024879+00	2026-01-13 20:28:23.024891+00
a0e0dd7b-0ea9-4893-ab48-feda6211ed65	aqp2hieyw7jh5h3wwid0upf712io4ju9	2026-01-13 20:30:28.046882+00	2026-01-13 20:30:28.046905+00
33cde889-41b9-4421-9597-33421449b508	eefo1s2tyr3tcmt23ul9qz8g2thifyox	2026-01-13 20:32:11.902152+00	2026-01-13 20:32:11.902165+00
722fbee1-1bc1-4d8b-aac4-7b1eef78024b	s7nr4omqb89wpafj1x99fnx5itr42dhn	2026-01-13 20:40:37.348457+00	2026-01-13 20:40:37.348472+00
095c63cc-4c41-4ce9-8fab-0e2092d16fa7	h0d1xwnnylo3wt7ustbemf7ziix1yniz	2026-01-13 20:42:53.53076+00	2026-01-13 20:42:53.530775+00
f2296847-4923-4dce-8709-59442c2ea625	setrcun8qu9ml55nj9et51p81p4183yd	2026-01-13 20:46:27.680066+00	2026-01-13 20:46:27.680085+00
08419718-3121-49ae-9569-0df1c9eaea18	x0i2hfl6y214f9m5y05z3vympfdxrl4l	2026-01-13 20:47:52.966572+00	2026-01-13 20:47:52.966586+00
b2146d23-57d9-45aa-974a-336f15ff271c	oj9y3il11b0e090l59kg0lsnxcj9s3t4	2026-01-13 20:52:37.484089+00	2026-01-13 20:52:37.484102+00
ff4f991a-d30e-4ec0-9f61-39ffc0c40cd7	ecmlz1xvfvga0wsuwjlz1l7xv82zhu1z	2026-01-13 21:04:29.980601+00	2026-01-13 21:04:29.980616+00
fd9dac85-bc80-447a-aa52-736ee3ecde70	pkogm7u4jsq1znqh4arauzn692ui5jmo	2026-01-13 21:05:15.805134+00	2026-01-13 21:05:15.80515+00
76baaf09-44eb-4f88-b189-1289fd553cf2	snga4no919eep7smavm39aha7yp5g90z	2026-01-13 21:44:17.002979+00	2026-01-13 21:44:17.002992+00
40929fc5-8675-4fc0-8c66-0d56f7fadadb	3g93rqiygmwltv6r13bt4keqju832e56	2026-01-13 21:44:17.171636+00	2026-01-13 21:44:17.171648+00
0270775e-3639-47fd-bed1-eda2b8959dcf	hb1da7ms6usuo9hvwt88ysp9xpozr9ne	2026-01-13 21:44:20.379186+00	2026-01-13 21:44:20.379201+00
5a384fbb-a803-441d-8461-8e8aa569b3bb	sfle5p3te3gv84y0oefy09mpe6ptvmy8	2026-01-13 21:44:53.170024+00	2026-01-13 21:44:53.170035+00
d742b617-c115-4fc3-8f3a-883898710770	bl33obb8vo5sgdxfxovqg7wuampkhhej	2026-01-13 21:44:57.690765+00	2026-01-13 21:44:57.690775+00
690a3794-6432-4d5e-a233-bdb8ac8658dc	thiwx6y0jrf1wfbxlqgf9la8q2f9t0wq	2026-01-13 21:45:04.250368+00	2026-01-13 21:45:04.250378+00
b277b181-58a6-4886-b49e-7f0458051ef7	kms51s67um8evyiexzk3ac5hxsij72nc	2026-01-13 21:45:08.809981+00	2026-01-13 21:45:08.809991+00
a3c88a32-0bc4-4002-8acc-95006a9c51b4	2duxl3n5hh5athcl8wxnwcoss4hdqmkv	2026-01-13 21:45:14.932406+00	2026-01-13 21:45:14.932419+00
9092a7be-14fe-4985-a11a-c8d1ef994d2c	amvcf7buxjnml4w39xaki6o4406snwvd	2026-01-13 23:02:29.277468+00	2026-01-13 23:02:29.277484+00
d6f0b32e-62e1-4d79-bf01-bb1ff8cf3a3c	t9dai9m8f8pcs2reny6xrrd2wxwvr7y4	2026-01-14 01:34:12.875993+00	2026-01-14 01:34:12.87601+00
6336f8ba-8b04-4134-98cf-c32ff32e0541	mwgj4h1zrssfmcxoqraxusz1z3694bic	2026-01-14 04:49:39.512289+00	2026-01-14 04:49:39.512316+00
95cec918-965b-4893-919e-0f3d6a701099	nzd9q1477832dg4vsy3aia7y8qttj16c	2026-01-14 10:04:42.366279+00	2026-01-14 10:04:42.366291+00
07341277-2929-43bc-8f31-19e9a9ada0f5	d1pnh32hngwac0uyd6a5tstjxvmceq3a	2026-01-14 18:52:28.361869+00	2026-01-14 18:52:28.361885+00
13dd3d9b-2bb2-47e7-a1e1-a6374b7dfddd	gvuy9xguw3bug4cr8l2o90lbctkzjd83	2026-01-14 19:03:40.002396+00	2026-01-14 19:03:40.002423+00
af5ae8fb-765c-4f40-91f7-09aae48560c4	pu3eh2xv8is185ub1xn45z85cw5jzbwh	2026-01-14 19:12:46.166817+00	2026-01-14 19:12:46.166837+00
c26a99b5-18d3-416c-9353-c3ed07b89369	ebly39lfjsz1bwuexmi3iz6aemugxzqw	2026-01-15 15:51:41.577686+00	2026-01-15 15:51:41.577697+00
4df01527-a2f8-4bc9-b637-a7dbffff3278	ghw9ov1zqx75tsenigv1cy7a6eiyf02s	2026-01-15 17:34:07.852165+00	2026-01-15 17:34:07.85218+00
000ecc5b-d391-4a3b-ab6a-35275d533185	c2ggjmpyeczemym2m8zpu4pgo6ly1d2h	2026-01-15 17:39:59.132851+00	2026-01-15 17:39:59.132864+00
2d9dc112-e2f0-418b-9738-4732d54893a1	p3wqf357ki0kooy6exer56bop7fn2ceo	2026-01-15 17:40:26.728603+00	2026-01-15 17:40:26.728618+00
518c6d12-b390-42fe-94f7-887bac66a2d7	fkfil5fts9k0gdlfyh7ob9t7oiuxk3t1	2026-01-15 17:40:28.219755+00	2026-01-15 17:40:28.219771+00
1c98cd2b-1f65-46d3-b5ab-3bbec5a86634	muwtrwiqc5fib1psn3tlvcayo52stu0p	2026-01-15 17:40:40.574369+00	2026-01-15 17:40:40.574381+00
5acdbdf6-3d58-4d49-b20c-162d20374355	6vtpi70ft4hqx7ezyn42bwb4sgnppkv5	2026-01-15 17:40:42.041957+00	2026-01-15 17:40:42.041973+00
9bdb28e8-0f62-4715-9d51-6e754d90ca6c	x88gk89xugf5fjvruy4n6uoeh9rt1byp	2026-01-15 17:41:35.144024+00	2026-01-15 17:41:35.144036+00
7f8a92f6-cc07-468a-a759-eadfcdacbd33	xf0ay5zvx0jom7quohyqmtsxez6n7eq1	2026-01-15 17:41:36.565494+00	2026-01-15 17:41:36.565508+00
2f10a73c-0dbe-4bec-a762-b6ebc47a906c	y6e52d3qc5fcydpsuk5icrjs8sij3c2x	2026-01-15 17:42:12.319017+00	2026-01-15 17:42:12.319043+00
312140aa-73f2-4c9a-8734-112e400216ab	bpggs2p3ud17dl7zb3gyiwqn2cnmt4u9	2026-01-15 17:52:34.830986+00	2026-01-15 17:52:34.831005+00
6a6b81ce-54c9-4778-8588-145ebd8008dd	z8cadsmdmxexddkshpy8fon6szoyr18b	2026-01-15 17:52:34.8723+00	2026-01-15 17:52:34.872316+00
e09c7260-8749-496b-9e86-15d029a2b8b7	0h4hgj0milxjboukvfseszonq9ssmhhp	2026-01-16 00:53:52.038153+00	2026-01-16 00:53:52.03817+00
42a4c3fd-a205-4f3a-a78f-40ab442fbd7e	dxcnnmpoykpgti7etoacxmow80ah0dk0	2026-01-16 12:01:42.685898+00	2026-01-16 12:01:42.68591+00
a24980e6-3d17-4160-a2b3-7041c417d3f3	lvnq9tue7l6xz5dvxqk5thb03zhpsdnv	2026-01-16 12:02:28.477209+00	2026-01-16 12:02:28.477219+00
370f0aa6-b13c-4613-8a8c-3dcbfa041daa	exisy6havelgkmh6xs3fm0eoumbsnvhq	2026-01-16 17:24:29.520184+00	2026-01-16 17:24:29.520205+00
7148233f-077f-426b-88d3-1880ea32a3ec	3dm978s2eg5qsfse9h6gbiijwquejmrl	2026-01-16 17:49:30.666135+00	2026-01-16 17:49:30.666147+00
36e8b6c4-2fe2-4582-8481-b6adcd0fd95a	iipzu9vudsingelpcs3hbipakwe2g7pl	2026-01-17 21:59:32.871256+00	2026-01-17 21:59:32.871265+00
677b1906-7c0b-4952-beab-3be6db7d7eae	vz285stykgehab849uxxo9dgy3vgfb3s	2026-01-18 16:22:40.660949+00	2026-01-18 16:22:40.660963+00
2ad91cd4-c2a9-4f29-8131-b097d263122e	12y8giiyhfuvzkvz417rgq5aw49v2ljr	2026-01-19 02:50:39.723935+00	2026-01-19 02:50:39.72395+00
6e92de57-c36c-4381-9215-195016f448c4	qakpi6djnjg4hmc02a26egdatybcgj7g	2026-01-19 21:00:19.404198+00	2026-01-19 21:00:19.40421+00
0535d214-0fa1-498e-b728-71233fa41191	2jpw7fzpsra5j1xxv8htqyeelbi8iku4	2026-01-19 21:03:20.353923+00	2026-01-19 21:03:20.35394+00
2ab0f151-6e69-4df9-8f8e-2f62de967680	ew25959jn0pvesnufxjifgs806br2z26	2026-01-19 21:26:27.655459+00	2026-01-19 21:26:27.655486+00
3ecca8ac-647b-4e95-a3e7-98bd722102be	zzw4hlk4jke53tcgy7vgpqaae5ojhqki	2026-01-19 23:25:10.618343+00	2026-01-19 23:25:10.618363+00
cbfcfa8c-31de-40e6-8076-063ce36c421d	bq2wthdyfs6ft7drkpxc3qf87yz1nisp	2026-01-20 01:40:26.642944+00	2026-01-20 01:40:26.642964+00
88942aff-f84a-4744-990d-86872e268b0b	8idy5ai18o2vdg3484n6tkhne8q2bnic	2026-01-20 01:54:06.202442+00	2026-01-20 01:54:06.202455+00
444b76b2-dd9a-43d0-a902-bd887239e1e9	9lj76hb89vkg5pq2nuj1syu62luwt0qe	2026-01-20 01:54:35.492525+00	2026-01-20 01:54:35.49254+00
8e0f1092-356e-4f30-a28a-b44ecdb21611	hy6mmctrdhergyxfqm096smqali52n4e	2026-01-20 15:12:37.673356+00	2026-01-20 15:12:37.673372+00
8afc7918-dc9a-4ca7-b9d9-b6e141bf9958	s31pdt20v4xeohzrm8f08lmz1ml9ptvm	2026-01-20 15:13:33.562241+00	2026-01-20 15:13:33.562265+00
b156885a-d28e-4295-b64b-94e0516efe92	ew381dqn6qo9q7hpe794w7913cuuseds	2026-01-20 15:15:43.876585+00	2026-01-20 15:15:43.876598+00
d2fc987c-74e6-412d-ae1c-58367390af49	fccuh7fhxabeqexacv3p5zdha5j484kp	2026-01-20 17:36:22.573578+00	2026-01-20 17:36:22.573593+00
f6dd64ca-6069-406d-b1e1-6badb1679aa8	9vitul6mboltgml7kuifwopraeknwt4l	2026-01-20 17:36:31.337031+00	2026-01-20 17:36:31.337048+00
72c29098-7a89-40a9-989d-a14444b41959	vnuuv3m29gwctqfbzrgo3mot9snbgh9m	2026-01-20 17:44:41.715856+00	2026-01-20 17:44:41.715875+00
b6463649-a728-4964-9642-efe2951fd44f	p9nyzez6pbaar93d81p6u6obersa6up2	2026-01-20 17:45:32.170142+00	2026-01-20 17:45:32.170155+00
17ed4e4e-53f7-4e33-bac4-e8bf75f4d00b	aiqz9grog2in8onxz0dydg34zen5dg1a	2026-01-20 17:45:47.374427+00	2026-01-20 17:45:47.37444+00
8a521652-4ac3-43bd-a97a-abbbcd8fc050	8jf62f0ockv1rt2uruec69ehio5ybnci	2026-01-20 17:46:45.118342+00	2026-01-20 17:46:45.118357+00
5587c97c-93ea-4eb6-b6c8-e7bb1078aa4d	owttxtsgkqe0wz4217f9gxc2gvjz5j0d	2026-01-20 17:46:53.421547+00	2026-01-20 17:46:53.421564+00
f7ae6b5f-fa7e-48b3-a96f-1a510ac33cfd	m1qqh5tatrekjs3d736xfjuxa5peav7a	2026-01-20 18:23:06.397135+00	2026-01-20 18:23:06.397148+00
76528c6d-c3e2-4900-a713-1d8dae56f5b2	kcvky2chmxs4zgn2csez7lz8vhg2nim0	2026-01-20 18:26:46.500175+00	2026-01-20 18:26:46.500185+00
ae02a6a3-331a-4ffd-a6ab-7a547bfee624	5rx5jux3ixhku2vo3mlx7tn3xf4g7r44	2026-01-20 18:28:16.996637+00	2026-01-20 18:28:16.996651+00
7ad0b81e-f9e6-46a6-a710-010944257ed4	jhcwmqb7dqo2azcc09xfob1cuwh2vy44	2026-01-20 18:29:50.577679+00	2026-01-20 18:29:50.577695+00
c265e11c-6705-464f-b0d3-9468bb83c14b	lh4rfedcdli7iz1huhfd93cnn9rcxod5	2026-01-20 18:56:06.941697+00	2026-01-20 18:56:06.941717+00
f776df7f-f2a6-4245-a289-02aace68b102	mx6cvepb63arvporoi75ivysud2j8dq1	2026-01-20 22:16:45.400768+00	2026-01-20 22:16:45.400786+00
9e253c21-24cc-4009-9a4d-f070a242b1a6	6l9e1fez004rbqqbkyqvmmkujpdbr09c	2026-01-20 22:18:52.374552+00	2026-01-20 22:18:52.374563+00
31264349-712f-4115-a291-4c4725c251c6	zmmwy0ne5s30uti2ent9e3pa9rxam165	2026-01-20 22:22:47.113919+00	2026-01-20 22:22:47.113968+00
406d6420-1264-4520-8a74-5c2e0123f494	kaqxi7siionstgcwzfycrelqdxzyl40w	2026-01-20 23:55:51.609226+00	2026-01-20 23:55:51.609245+00
5b629442-5a3b-4ab9-affb-e3735c9d7a37	cp2wyq0ozprn3pjmz3y1xdq5502iridt	2026-01-21 00:07:28.514837+00	2026-01-21 00:07:28.51493+00
f09234da-0d54-4146-9bcb-651bae35dbf6	rlpcxgmbphq6fejmj6yu63ojkiyjin2a	2026-01-21 00:08:30.394658+00	2026-01-21 00:08:30.394671+00
03640211-907e-4d8a-a457-b0554fea1a53	35hxsko3b0crlixvfx3v1clinhgl864f	2026-01-21 00:30:04.239036+00	2026-01-21 00:30:04.23905+00
6f1c87c7-62bf-4ef5-b6b4-83de93f37007	14ghuicu5jci9dine3m6uyunkkq1wa3f	2026-01-21 00:38:09.585969+00	2026-01-21 00:38:09.585999+00
15190201-e6ce-4933-99b0-039c4c240f1c	fhm2awh7ja1y9ayjq8bknjapxtq45h7f	2026-01-21 00:38:26.129029+00	2026-01-21 00:38:26.129046+00
a97906a9-6c9d-4088-b754-6e71d634f10b	cswymar3hpc6u2ga7aq1vey3kxv3dbdw	2026-01-21 11:06:02.409196+00	2026-01-21 11:06:02.409208+00
cb307f50-9fa0-4275-9dc2-ba99a1676ee9	3v3myo1gb4nff2ivgbu5zq4xkbmfw07l	2026-01-21 11:50:59.530497+00	2026-01-21 11:50:59.530517+00
a212bf28-88b0-4976-82f8-7b81f5c426b7	ynh91prsaianpop2we6ukaza7ry1a95n	2026-01-21 12:02:24.488794+00	2026-01-21 12:02:24.488809+00
6dee2ee0-be9c-4810-a3e9-63d53c41133e	rt9hx3fhw08ke1di60sa6nf638a02ab3	2026-01-21 15:01:31.084021+00	2026-01-21 15:01:31.084061+00
2dac3867-c163-4126-9b7d-25296b65ca91	8uywykc5j9ps32kbw7g2rt322uwagf9z	2026-01-21 15:38:23.748232+00	2026-01-21 15:38:23.748249+00
94e88c53-b974-4279-9c9f-aed87f83b8dd	aai64fpju7rg8nz7kfvo12c4mwguyr4l	2026-01-21 19:35:36.272615+00	2026-01-21 19:35:36.27263+00
b884f981-c57c-409c-9b90-1a465d7aa063	5yiw4sx2uakqh6alsjnbiojr8vu1iuc7	2026-01-22 05:02:44.502329+00	2026-01-22 05:02:44.502344+00
d3e739e9-6ef6-479a-bb22-2537a1c639e5	xb9z027c16qpdqr71a4cr1s0tcluqvqr	2026-01-22 15:47:39.739204+00	2026-01-22 15:47:39.739218+00
08b1521d-e072-4b30-a801-b809f298aeb3	4xvajzth2tc7p7tm0i19kyzt1ywvrplx	2026-01-22 15:49:19.959942+00	2026-01-22 15:49:19.959959+00
339098be-b692-4e1f-bf5b-b57a7a8dda14	v7xlhaxzcv93ssc1pla80g4ompfc0y1v	2026-01-22 15:49:20.567802+00	2026-01-22 15:49:20.567815+00
97fbf2cc-dc60-430b-9113-58606c0276ca	j54uoj1fz42dtty7a5dp3i2j7oce7ouf	2026-01-22 15:49:21.281658+00	2026-01-22 15:49:21.281672+00
124be71a-fbc5-4202-b1a1-171e21bc2176	74d8v0bc1car2yypqkcgpje3b3etcvpf	2026-01-22 17:23:50.765287+00	2026-01-22 17:23:50.765302+00
8b8685bb-07b7-4fbe-a3e2-7f6640920d7e	c5cfe7f9j8gv07s2wjv2vqjhs21yi9is	2026-01-22 18:47:57.56847+00	2026-01-22 18:47:57.568483+00
\.


--
-- Data for Name: orders_cartitem; Type: TABLE DATA; Schema: public; Owner: postgres
--

COPY public.orders_cartitem (id, quantity, created_at, updated_at, cart_id, variant_id, product_id) FROM stdin;
1	1	2026-01-13 20:26:17.27217+00	2026-01-13 20:26:17.272185+00	052b6601-26a0-4beb-b10e-c0945d08b31d	2	\N
6	1	2026-01-15 17:40:26.734366+00	2026-01-15 17:40:26.734379+00	2d9dc112-e2f0-418b-9738-4732d54893a1	19	\N
7	1	2026-01-15 17:40:40.579947+00	2026-01-15 17:40:40.579958+00	1c98cd2b-1f65-46d3-b5ab-3bbec5a86634	26	\N
8	1	2026-01-15 17:41:35.149939+00	2026-01-15 17:41:35.149953+00	9bdb28e8-0f62-4715-9d51-6e754d90ca6c	26	\N
16	1	2026-01-17 22:37:20.04778+00	2026-01-17 22:37:20.047798+00	370f0aa6-b13c-4613-8a8c-3dcbfa041daa	123	\N
17	1	2026-01-19 23:59:44.781692+00	2026-01-19 23:59:44.781706+00	370f0aa6-b13c-4613-8a8c-3dcbfa041daa	107	\N
\.


--
-- Data for Name: orders_order; Type: TABLE DATA; Schema: public; Owner: postgres
--

COPY public.orders_order (id, order_number, stripe_checkout_id, stripe_payment_intent, customer_email, customer_name, shipping_address, status, subtotal, shipping_cost, tax, total, tracking_number, tracking_carrier, notes, created_at, updated_at) FROM stdin;
4a56f16f-1b5f-4a31-84bd-d1727668d0c8	MR-260114-001	cs_test_a1I2e5C0WqKtiG9EyZNd7dZ6g0MvTNd8QO4VzcSeCrmd3eCAdaHteaGFdq	pi_3SpGeZ8De5GXtg930z1U4Jb5	bs@bs.com		{"city": "", "line1": "", "line2": "", "state": "", "country": "", "postal_code": ""}	paid	133.00	0.00	0.00	133.00				2026-01-14 00:04:49.327096+00	2026-01-14 00:04:49.327111+00
95d883dd-7420-47b8-a91a-f9f8b4da49e5	MR-260114-002	cs_test_a1ktJDXzI2nhIE9ybkfgBVbFAhyVLtefVOvg1YPj83mBIcR1GByAB4ZSUD	pi_3SpGg88De5GXtg931aCxnp5v	bs@bs.com		{"city": "", "line1": "", "line2": "", "state": "", "country": "", "postal_code": ""}	paid	0.00	0.00	0.00	133.00				2026-01-14 00:08:05.442974+00	2026-01-14 00:08:05.442991+00
737c7116-3cd8-4389-bba4-b4140ab188b2	MR-260114-003	cs_test_a1LFpFsGcNxYcnYb3gVd8kPBKUFDxxHDtsFiP6vuA6yoxn0ov1xxtKfBKW	pi_3SpGqF8De5GXtg930X8dNvdk	bs@bs.com		{"city": "", "line1": "", "line2": "", "state": "", "country": "", "postal_code": ""}	paid	0.00	0.00	0.00	133.00				2026-01-14 00:17:32.178454+00	2026-01-14 00:17:32.178469+00
0845272b-82d4-4ae5-9a8b-e4066b4234ad	MR-260114-004	cs_test_a1it2qVfk6CCpkB4zoCgGWvHQiOsnbcMQn7Bj9T29rzFrJkFFd1Y69CfHF	pi_3SpGwy8De5GXtg9316oySeFe	bs@bs.com		{"city": "", "line1": "", "line2": "", "state": "", "country": "", "postal_code": ""}	paid	0.00	0.00	0.00	133.00				2026-01-14 00:24:21.246997+00	2026-01-14 00:24:21.247013+00
4ccdb9fc-9ec6-4ff4-a08b-d8efd30e5fc6	MR-260114-005	cs_test_a1cvmIFIhBL8HbDaUXMxr3QTUF6TMBDiexAVsvKExvx9k8mIAjS31IIYaU	pi_3SpH288De5GXtg930iGECjz6	bs@bs.com		{"city": "", "line1": "", "line2": "", "state": "", "country": "", "postal_code": ""}	paid	0.00	0.00	0.00	133.00				2026-01-14 00:29:46.598159+00	2026-01-14 00:29:46.598174+00
25cd8a23-5b84-4fe7-b3a2-d9d305396af7	MR-260114-006	cs_test_a1ktJDXzI2nhIE9ybkfgBVbFAhyVLtefVOvg1YPj83mBIcR1GByAB4ZSUD	pi_3SpGg88De5GXtg931aCxnp5v	bs@bs.com		{"city": "", "line1": "", "line2": "", "state": "", "country": "", "postal_code": ""}	paid	250.00	0.00	0.00	133.00				2026-01-14 02:09:58.279255+00	2026-01-14 02:09:58.279269+00
8e4223d1-5f39-49df-9407-d8b317d92462	MR-260114-007	cs_test_a1LFpFsGcNxYcnYb3gVd8kPBKUFDxxHDtsFiP6vuA6yoxn0ov1xxtKfBKW	pi_3SpGqF8De5GXtg930X8dNvdk	bs@bs.com		{"city": "", "line1": "", "line2": "", "state": "", "country": "", "postal_code": ""}	paid	0.00	0.00	0.00	133.00				2026-01-14 02:16:51.019953+00	2026-01-14 02:16:51.019968+00
169042f7-0d86-471d-8491-a1cdbf754872	MR-260114-008	cs_test_a1it2qVfk6CCpkB4zoCgGWvHQiOsnbcMQn7Bj9T29rzFrJkFFd1Y69CfHF	pi_3SpGwy8De5GXtg9316oySeFe	bs@bs.com		{"city": "", "line1": "", "line2": "", "state": "", "country": "", "postal_code": ""}	paid	0.00	0.00	0.00	133.00				2026-01-14 02:26:48.935677+00	2026-01-14 02:26:48.935686+00
b263db19-3ae2-44a3-969b-bf885fe72bc4	MR-260114-009	cs_test_a1cvmIFIhBL8HbDaUXMxr3QTUF6TMBDiexAVsvKExvx9k8mIAjS31IIYaU	pi_3SpH288De5GXtg930iGECjz6	bs@bs.com		{"city": "", "line1": "", "line2": "", "state": "", "country": "", "postal_code": ""}	paid	0.00	0.00	0.00	133.00				2026-01-14 02:28:56.269061+00	2026-01-14 02:28:56.269072+00
0fc18762-af7a-43c7-958c-46db95c4b5c3	MR-260115-001	cs_test_b1n6NX8ghOpDS14ue9GisxY2TmdAIyx56gwvLlCaT5Kj7HBiQudedosJWg	pi_3SpuLg8De5GXtg930w2VzDIg	bs@bs.com		{"city": "", "line1": "", "line2": "", "state": "", "country": "", "postal_code": ""}	paid	175.00	0.00	0.00	175.00				2026-01-15 17:28:46.279568+00	2026-01-15 17:28:46.279587+00
8a9dd868-49e1-41c0-a501-ad8d61192a91	MR-260115-002	cs_test_b1n6NX8ghOpDS14ue9GisxY2TmdAIyx56gwvLlCaT5Kj7HBiQudedosJWg	pi_3SpuLg8De5GXtg930w2VzDIg	bs@bs.com		{"city": "", "line1": "", "line2": "", "state": "", "country": "", "postal_code": ""}	paid	0.00	0.00	0.00	175.00				2026-01-15 17:29:23.015447+00	2026-01-15 17:29:23.015465+00
c984c282-e4ca-45d7-8e59-478cadf890af	MR-260115-003	cs_test_a1Ux6DHsTyECbO5RgZX6XSe3PxQREEGqdHXhpSDe5OvQU3zLkRNV7qAwwg		bs@bs.com		{"city": "", "line1": "", "line2": "", "state": "", "country": "", "postal_code": ""}	paid	175.00	0.00	0.00	0.00				2026-01-15 17:53:37.915628+00	2026-01-15 17:53:37.915638+00
bf3fb25c-54be-4769-b030-e7db8fba973b	MR-260115-005	cs_test_b1n6NX8ghOpDS14ue9GisxY2TmdAIyx56gwvLlCaT5Kj7HBiQudedosJWg	pi_3SpuLg8De5GXtg930w2VzDIg	bs@bs.com		{"city": "", "line1": "", "line2": "", "state": "", "country": "", "postal_code": ""}	paid	675.00	0.00	0.00	175.00				2026-01-15 18:30:15.043161+00	2026-01-15 18:30:15.043181+00
7d12fb78-2a69-477f-8850-a6228b4b54f1	MR-260115-006	cs_test_a1ssrcuYd8Wy6uaDsSbd5VNC8GprXeQ480EBJZLbGr1uF8TFiMYv2wHmLr		bs@bs.com		{"city": "", "line1": "", "line2": "", "state": "", "country": "", "postal_code": ""}	paid	250.00	0.00	0.00	0.00				2026-01-15 18:47:55.900498+00	2026-01-15 18:47:55.900513+00
5e4eacbf-6b01-4f7a-92fd-e2998ed81ebe	MR-260115-007	cs_test_a1Ux6DHsTyECbO5RgZX6XSe3PxQREEGqdHXhpSDe5OvQU3zLkRNV7qAwwg		bs@bs.com		{"city": "", "line1": "", "line2": "", "state": "", "country": "", "postal_code": ""}	paid	0.00	0.00	0.00	0.00				2026-01-15 18:54:08.117514+00	2026-01-15 18:54:08.117528+00
7c33d8b8-282d-4f44-a150-45bcd757b920	MR-260115-009	cs_test_a1ssrcuYd8Wy6uaDsSbd5VNC8GprXeQ480EBJZLbGr1uF8TFiMYv2wHmLr		bs@bs.com		{"city": "", "line1": "", "line2": "", "state": "", "country": "", "postal_code": ""}	paid	0.00	0.00	0.00	0.00				2026-01-15 20:46:08.184019+00	2026-01-15 20:46:08.184031+00
dd3285a2-74c2-4085-ba78-978978b03447	MR-260115-010	cs_test_a1Ux6DHsTyECbO5RgZX6XSe3PxQREEGqdHXhpSDe5OvQU3zLkRNV7qAwwg		bs@bs.com		{"city": "", "line1": "", "line2": "", "state": "", "country": "", "postal_code": ""}	paid	0.00	0.00	0.00	0.00				2026-01-15 20:55:29.575398+00	2026-01-15 20:55:29.575414+00
7aa66d3b-ba9f-4572-ba55-8b3b1904c705	MR-260115-011	cs_test_a1okgXXWQ7qPtOT4ZKKTwsAfFG7TrHJkXVnn7gfyFytppCSMAiuw8wTE1R		mnraynor90@gmail.com		{"city": "", "line1": "", "line2": "", "state": "", "country": "", "postal_code": ""}	shipped	0.00	0.00	0.00	0.00				2026-01-15 20:56:12.146701+00	2026-01-16 17:12:05.37419+00
9a90d919-8051-431d-abf6-c18f6e04775b	MR-260115-008	cs_test_a1okgXXWQ7qPtOT4ZKKTwsAfFG7TrHJkXVnn7gfyFytppCSMAiuw8wTE1R		mnraynor90@gmail.com		{"city": "", "line1": "", "line2": "", "state": "", "country": "", "postal_code": ""}	shipped	0.00	0.00	0.00	0.00				2026-01-15 18:57:34.306685+00	2026-01-16 17:13:59.143553+00
78edd68c-7ed7-4f9b-b19f-34445805546e	MR-260115-004	cs_test_a1okgXXWQ7qPtOT4ZKKTwsAfFG7TrHJkXVnn7gfyFytppCSMAiuw8wTE1R		mnraynor90@gmail.com		{"city": "", "line1": "", "line2": "", "state": "", "country": "", "postal_code": ""}	shipped	175.00	0.00	0.00	0.00				2026-01-15 17:56:20.512284+00	2026-01-16 17:19:14.749087+00
b2de0eb7-4269-4398-943c-d7b044356e92	MR-260116-001	cs_test_b1vaTl2s1AMX3eFASYgLFw0PU24ubynYGGNDzDeseHsVSw0wqu3SI7f265	pi_3SqGmS8De5GXtg930ZMBrfjH	mnraynor90@gmail.com		{"city": "", "line1": "", "line2": "", "state": "", "country": "", "postal_code": ""}	shipped	175.00	0.00	0.00	175.00				2026-01-16 17:25:53.872903+00	2026-01-16 17:26:21.438349+00
03c9edac-1d99-4e4b-86ab-9c15f3cd23b8	MR-260116-002	cs_test_b1esxZN03jn2F8vDj8KbjALm5Jm4CQ6hhjdKVbzXYISVK3VksmIBcZyh6v	pi_3SqGtO8De5GXtg931MLVN1hb	mnraynor90@gmail.com		{"city": "", "line1": "", "line2": "", "state": "", "country": "", "postal_code": ""}	paid	675.00	0.00	0.00	675.00				2026-01-16 17:33:04.555263+00	2026-01-16 17:33:04.555276+00
f791e846-c7a1-4bdf-ad95-fd8c962746c7	MR-260117-001	cs_live_a1KESDVJjEMrjlwrOGjS8yO4vueiXVqTyN6eNCfoDVp6Kg69mhLGpZDAzB		mnraynor90@gmail.com		{"city": "", "line1": "", "line2": "", "state": "", "country": "", "postal_code": ""}	paid	675.00	0.00	0.00	0.00				2026-01-17 22:26:11.679849+00	2026-01-17 22:26:11.679861+00
34e5323e-02fd-4e5b-aa8d-e7cc4f916a47	MR-260117-002	cs_live_a1VS37yAWFtUq8wAmq8KtQJhNbUyR4XJJZBvhxaKCVbMuoESmfvNAxmXNL		mnraynor90@gmail.com		{"city": "", "line1": "", "line2": "", "state": "", "country": "", "postal_code": ""}	paid	175.00	0.00	0.00	0.00				2026-01-17 22:34:30.744888+00	2026-01-17 22:34:30.744904+00
\.


--
-- Data for Name: orders_orderitem; Type: TABLE DATA; Schema: public; Owner: postgres
--

COPY public.orders_orderitem (id, quantity, unit_price, total_price, aluminyze_order_id, created_at, order_id, variant_id, item_description, item_title, product_id) FROM stdin;
1	1	133.00	133.00		2026-01-14 00:04:49.335248+00	4a56f16f-1b5f-4a31-84bd-d1727668d0c8	1	14x11" Paper Print	Calm Seas	\N
2	1	250.00	250.00		2026-01-14 02:09:58.28776+00	25cd8a23-5b84-4fe7-b3a2-d9d305396af7	2	19x13" Paper Print	Calm Seas	\N
3	1	175.00	175.00		2026-01-15 17:28:46.288268+00	0fc18762-af7a-43c7-958c-46db95c4b5c3	17	14x11" Paper Print	Sedona	\N
4	1	175.00	175.00		2026-01-15 17:53:37.923383+00	c984c282-e4ca-45d7-8e59-478cadf890af	25	14x11" Paper Print	Santorini Steps	\N
5	1	175.00	175.00		2026-01-15 17:56:20.518569+00	78edd68c-7ed7-4f9b-b19f-34445805546e	33	14x11" Paper Print	Santorini Stairs	\N
6	1	675.00	675.00		2026-01-15 18:30:15.052777+00	bf3fb25c-54be-4769-b030-e7db8fba973b	27	24x16" Aluminum Print	Santorini Steps	\N
7	1	250.00	250.00		2026-01-15 18:47:55.908583+00	7d12fb78-2a69-477f-8850-a6228b4b54f1	18	19x13" Paper Print	Sedona	\N
8	1	175.00	175.00		2026-01-16 17:25:53.881597+00	b2de0eb7-4269-4398-943c-d7b044356e92	25	14x11" Paper Print	Santorini Steps	\N
9	1	675.00	675.00		2026-01-16 17:33:04.562814+00	03c9edac-1d99-4e4b-86ab-9c15f3cd23b8	27	24x16" Aluminum Print	Santorini Steps	\N
10	1	675.00	675.00		2026-01-17 22:26:11.687062+00	f791e846-c7a1-4bdf-ad95-fd8c962746c7	107	24x16" Aluminum Print	Shinnecock Bay	\N
11	1	175.00	175.00		2026-01-17 22:34:30.752764+00	34e5323e-02fd-4e5b-aa8d-e7cc4f916a47	17	14x11" Paper Print	Sedona	\N
\.


--
-- Name: auth_group_id_seq; Type: SEQUENCE SET; Schema: public; Owner: postgres
--

SELECT pg_catalog.setval('public.auth_group_id_seq', 1, false);


--
-- Name: auth_group_permissions_id_seq; Type: SEQUENCE SET; Schema: public; Owner: postgres
--

SELECT pg_catalog.setval('public.auth_group_permissions_id_seq', 1, false);


--
-- Name: auth_permission_id_seq; Type: SEQUENCE SET; Schema: public; Owner: postgres
--

SELECT pg_catalog.setval('public.auth_permission_id_seq', 76, true);


--
-- Name: auth_user_groups_id_seq; Type: SEQUENCE SET; Schema: public; Owner: postgres
--

SELECT pg_catalog.setval('public.auth_user_groups_id_seq', 1, false);


--
-- Name: auth_user_id_seq; Type: SEQUENCE SET; Schema: public; Owner: postgres
--

SELECT pg_catalog.setval('public.auth_user_id_seq', 1, true);


--
-- Name: auth_user_user_permissions_id_seq; Type: SEQUENCE SET; Schema: public; Owner: postgres
--

SELECT pg_catalog.setval('public.auth_user_user_permissions_id_seq', 1, false);


--
-- Name: catalog_collection_id_seq; Type: SEQUENCE SET; Schema: public; Owner: postgres
--

SELECT pg_catalog.setval('public.catalog_collection_id_seq', 5, true);


--
-- Name: catalog_photo_id_seq; Type: SEQUENCE SET; Schema: public; Owner: postgres
--

SELECT pg_catalog.setval('public.catalog_photo_id_seq', 34, true);


--
-- Name: catalog_product_id_seq; Type: SEQUENCE SET; Schema: public; Owner: postgres
--

SELECT pg_catalog.setval('public.catalog_product_id_seq', 1, false);


--
-- Name: catalog_productvariant_id_seq; Type: SEQUENCE SET; Schema: public; Owner: postgres
--

SELECT pg_catalog.setval('public.catalog_productvariant_id_seq', 270, true);


--
-- Name: core_giftcardredemption_id_seq; Type: SEQUENCE SET; Schema: public; Owner: postgres
--

SELECT pg_catalog.setval('public.core_giftcardredemption_id_seq', 8, true);


--
-- Name: core_subscriber_id_seq; Type: SEQUENCE SET; Schema: public; Owner: postgres
--

SELECT pg_catalog.setval('public.core_subscriber_id_seq', 2, true);


--
-- Name: django_admin_log_id_seq; Type: SEQUENCE SET; Schema: public; Owner: postgres
--

SELECT pg_catalog.setval('public.django_admin_log_id_seq', 91, true);


--
-- Name: django_content_type_id_seq; Type: SEQUENCE SET; Schema: public; Owner: postgres
--

SELECT pg_catalog.setval('public.django_content_type_id_seq', 19, true);


--
-- Name: django_migrations_id_seq; Type: SEQUENCE SET; Schema: public; Owner: postgres
--

SELECT pg_catalog.setval('public.django_migrations_id_seq', 27, true);


--
-- Name: orders_cartitem_id_seq; Type: SEQUENCE SET; Schema: public; Owner: postgres
--

SELECT pg_catalog.setval('public.orders_cartitem_id_seq', 17, true);


--
-- Name: orders_orderitem_id_seq; Type: SEQUENCE SET; Schema: public; Owner: postgres
--

SELECT pg_catalog.setval('public.orders_orderitem_id_seq', 11, true);


--
-- Name: auth_group auth_group_name_key; Type: CONSTRAINT; Schema: public; Owner: postgres
--

ALTER TABLE ONLY public.auth_group
    ADD CONSTRAINT auth_group_name_key UNIQUE (name);


--
-- Name: auth_group_permissions auth_group_permissions_group_id_permission_id_0cd325b0_uniq; Type: CONSTRAINT; Schema: public; Owner: postgres
--

ALTER TABLE ONLY public.auth_group_permissions
    ADD CONSTRAINT auth_group_permissions_group_id_permission_id_0cd325b0_uniq UNIQUE (group_id, permission_id);


--
-- Name: auth_group_permissions auth_group_permissions_pkey; Type: CONSTRAINT; Schema: public; Owner: postgres
--

ALTER TABLE ONLY public.auth_group_permissions
    ADD CONSTRAINT auth_group_permissions_pkey PRIMARY KEY (id);


--
-- Name: auth_group auth_group_pkey; Type: CONSTRAINT; Schema: public; Owner: postgres
--

ALTER TABLE ONLY public.auth_group
    ADD CONSTRAINT auth_group_pkey PRIMARY KEY (id);


--
-- Name: auth_permission auth_permission_content_type_id_codename_01ab375a_uniq; Type: CONSTRAINT; Schema: public; Owner: postgres
--

ALTER TABLE ONLY public.auth_permission
    ADD CONSTRAINT auth_permission_content_type_id_codename_01ab375a_uniq UNIQUE (content_type_id, codename);


--
-- Name: auth_permission auth_permission_pkey; Type: CONSTRAINT; Schema: public; Owner: postgres
--

ALTER TABLE ONLY public.auth_permission
    ADD CONSTRAINT auth_permission_pkey PRIMARY KEY (id);


--
-- Name: auth_user_groups auth_user_groups_pkey; Type: CONSTRAINT; Schema: public; Owner: postgres
--

ALTER TABLE ONLY public.auth_user_groups
    ADD CONSTRAINT auth_user_groups_pkey PRIMARY KEY (id);


--
-- Name: auth_user_groups auth_user_groups_user_id_group_id_94350c0c_uniq; Type: CONSTRAINT; Schema: public; Owner: postgres
--

ALTER TABLE ONLY public.auth_user_groups
    ADD CONSTRAINT auth_user_groups_user_id_group_id_94350c0c_uniq UNIQUE (user_id, group_id);


--
-- Name: auth_user auth_user_pkey; Type: CONSTRAINT; Schema: public; Owner: postgres
--

ALTER TABLE ONLY public.auth_user
    ADD CONSTRAINT auth_user_pkey PRIMARY KEY (id);


--
-- Name: auth_user_user_permissions auth_user_user_permissions_pkey; Type: CONSTRAINT; Schema: public; Owner: postgres
--

ALTER TABLE ONLY public.auth_user_user_permissions
    ADD CONSTRAINT auth_user_user_permissions_pkey PRIMARY KEY (id);


--
-- Name: auth_user_user_permissions auth_user_user_permissions_user_id_permission_id_14a6b632_uniq; Type: CONSTRAINT; Schema: public; Owner: postgres
--

ALTER TABLE ONLY public.auth_user_user_permissions
    ADD CONSTRAINT auth_user_user_permissions_user_id_permission_id_14a6b632_uniq UNIQUE (user_id, permission_id);


--
-- Name: auth_user auth_user_username_key; Type: CONSTRAINT; Schema: public; Owner: postgres
--

ALTER TABLE ONLY public.auth_user
    ADD CONSTRAINT auth_user_username_key UNIQUE (username);


--
-- Name: catalog_collection catalog_collection_pkey; Type: CONSTRAINT; Schema: public; Owner: postgres
--

ALTER TABLE ONLY public.catalog_collection
    ADD CONSTRAINT catalog_collection_pkey PRIMARY KEY (id);


--
-- Name: catalog_collection catalog_collection_slug_key; Type: CONSTRAINT; Schema: public; Owner: postgres
--

ALTER TABLE ONLY public.catalog_collection
    ADD CONSTRAINT catalog_collection_slug_key UNIQUE (slug);


--
-- Name: catalog_photo catalog_photo_pkey; Type: CONSTRAINT; Schema: public; Owner: postgres
--

ALTER TABLE ONLY public.catalog_photo
    ADD CONSTRAINT catalog_photo_pkey PRIMARY KEY (id);


--
-- Name: catalog_photo catalog_photo_slug_key; Type: CONSTRAINT; Schema: public; Owner: postgres
--

ALTER TABLE ONLY public.catalog_photo
    ADD CONSTRAINT catalog_photo_slug_key UNIQUE (slug);


--
-- Name: catalog_product catalog_product_pkey; Type: CONSTRAINT; Schema: public; Owner: postgres
--

ALTER TABLE ONLY public.catalog_product
    ADD CONSTRAINT catalog_product_pkey PRIMARY KEY (id);


--
-- Name: catalog_product catalog_product_slug_key; Type: CONSTRAINT; Schema: public; Owner: postgres
--

ALTER TABLE ONLY public.catalog_product
    ADD CONSTRAINT catalog_product_slug_key UNIQUE (slug);


--
-- Name: catalog_productvariant catalog_productvariant_photo_id_size_material_d66a7c99_uniq; Type: CONSTRAINT; Schema: public; Owner: postgres
--

ALTER TABLE ONLY public.catalog_productvariant
    ADD CONSTRAINT catalog_productvariant_photo_id_size_material_d66a7c99_uniq UNIQUE (photo_id, size, material);


--
-- Name: catalog_productvariant catalog_productvariant_pkey; Type: CONSTRAINT; Schema: public; Owner: postgres
--

ALTER TABLE ONLY public.catalog_productvariant
    ADD CONSTRAINT catalog_productvariant_pkey PRIMARY KEY (id);


--
-- Name: core_giftcard core_giftcard_code_key; Type: CONSTRAINT; Schema: public; Owner: postgres
--

ALTER TABLE ONLY public.core_giftcard
    ADD CONSTRAINT core_giftcard_code_key UNIQUE (code);


--
-- Name: core_giftcard core_giftcard_pkey; Type: CONSTRAINT; Schema: public; Owner: postgres
--

ALTER TABLE ONLY public.core_giftcard
    ADD CONSTRAINT core_giftcard_pkey PRIMARY KEY (id);


--
-- Name: core_giftcardredemption core_giftcardredemption_pkey; Type: CONSTRAINT; Schema: public; Owner: postgres
--

ALTER TABLE ONLY public.core_giftcardredemption
    ADD CONSTRAINT core_giftcardredemption_pkey PRIMARY KEY (id);


--
-- Name: core_subscriber core_subscriber_email_key; Type: CONSTRAINT; Schema: public; Owner: postgres
--

ALTER TABLE ONLY public.core_subscriber
    ADD CONSTRAINT core_subscriber_email_key UNIQUE (email);


--
-- Name: core_subscriber core_subscriber_pkey; Type: CONSTRAINT; Schema: public; Owner: postgres
--

ALTER TABLE ONLY public.core_subscriber
    ADD CONSTRAINT core_subscriber_pkey PRIMARY KEY (id);


--
-- Name: django_admin_log django_admin_log_pkey; Type: CONSTRAINT; Schema: public; Owner: postgres
--

ALTER TABLE ONLY public.django_admin_log
    ADD CONSTRAINT django_admin_log_pkey PRIMARY KEY (id);


--
-- Name: django_content_type django_content_type_app_label_model_76bd3d3b_uniq; Type: CONSTRAINT; Schema: public; Owner: postgres
--

ALTER TABLE ONLY public.django_content_type
    ADD CONSTRAINT django_content_type_app_label_model_76bd3d3b_uniq UNIQUE (app_label, model);


--
-- Name: django_content_type django_content_type_pkey; Type: CONSTRAINT; Schema: public; Owner: postgres
--

ALTER TABLE ONLY public.django_content_type
    ADD CONSTRAINT django_content_type_pkey PRIMARY KEY (id);


--
-- Name: django_migrations django_migrations_pkey; Type: CONSTRAINT; Schema: public; Owner: postgres
--

ALTER TABLE ONLY public.django_migrations
    ADD CONSTRAINT django_migrations_pkey PRIMARY KEY (id);


--
-- Name: django_session django_session_pkey; Type: CONSTRAINT; Schema: public; Owner: postgres
--

ALTER TABLE ONLY public.django_session
    ADD CONSTRAINT django_session_pkey PRIMARY KEY (session_key);


--
-- Name: mockup_savedmockup mockup_savedmockup_pkey; Type: CONSTRAINT; Schema: public; Owner: postgres
--

ALTER TABLE ONLY public.mockup_savedmockup
    ADD CONSTRAINT mockup_savedmockup_pkey PRIMARY KEY (id);


--
-- Name: mockup_wallanalysis mockup_wallanalysis_pkey; Type: CONSTRAINT; Schema: public; Owner: postgres
--

ALTER TABLE ONLY public.mockup_wallanalysis
    ADD CONSTRAINT mockup_wallanalysis_pkey PRIMARY KEY (id);


--
-- Name: orders_cart orders_cart_pkey; Type: CONSTRAINT; Schema: public; Owner: postgres
--

ALTER TABLE ONLY public.orders_cart
    ADD CONSTRAINT orders_cart_pkey PRIMARY KEY (id);


--
-- Name: orders_cart orders_cart_session_key_key; Type: CONSTRAINT; Schema: public; Owner: postgres
--

ALTER TABLE ONLY public.orders_cart
    ADD CONSTRAINT orders_cart_session_key_key UNIQUE (session_key);


--
-- Name: orders_cartitem orders_cartitem_pkey; Type: CONSTRAINT; Schema: public; Owner: postgres
--

ALTER TABLE ONLY public.orders_cartitem
    ADD CONSTRAINT orders_cartitem_pkey PRIMARY KEY (id);


--
-- Name: orders_order orders_order_order_number_key; Type: CONSTRAINT; Schema: public; Owner: postgres
--

ALTER TABLE ONLY public.orders_order
    ADD CONSTRAINT orders_order_order_number_key UNIQUE (order_number);


--
-- Name: orders_order orders_order_pkey; Type: CONSTRAINT; Schema: public; Owner: postgres
--

ALTER TABLE ONLY public.orders_order
    ADD CONSTRAINT orders_order_pkey PRIMARY KEY (id);


--
-- Name: orders_orderitem orders_orderitem_pkey; Type: CONSTRAINT; Schema: public; Owner: postgres
--

ALTER TABLE ONLY public.orders_orderitem
    ADD CONSTRAINT orders_orderitem_pkey PRIMARY KEY (id);


--
-- Name: auth_group_name_a6ea08ec_like; Type: INDEX; Schema: public; Owner: postgres
--

CREATE INDEX auth_group_name_a6ea08ec_like ON public.auth_group USING btree (name varchar_pattern_ops);


--
-- Name: auth_group_permissions_group_id_b120cbf9; Type: INDEX; Schema: public; Owner: postgres
--

CREATE INDEX auth_group_permissions_group_id_b120cbf9 ON public.auth_group_permissions USING btree (group_id);


--
-- Name: auth_group_permissions_permission_id_84c5c92e; Type: INDEX; Schema: public; Owner: postgres
--

CREATE INDEX auth_group_permissions_permission_id_84c5c92e ON public.auth_group_permissions USING btree (permission_id);


--
-- Name: auth_permission_content_type_id_2f476e4b; Type: INDEX; Schema: public; Owner: postgres
--

CREATE INDEX auth_permission_content_type_id_2f476e4b ON public.auth_permission USING btree (content_type_id);


--
-- Name: auth_user_groups_group_id_97559544; Type: INDEX; Schema: public; Owner: postgres
--

CREATE INDEX auth_user_groups_group_id_97559544 ON public.auth_user_groups USING btree (group_id);


--
-- Name: auth_user_groups_user_id_6a12ed8b; Type: INDEX; Schema: public; Owner: postgres
--

CREATE INDEX auth_user_groups_user_id_6a12ed8b ON public.auth_user_groups USING btree (user_id);


--
-- Name: auth_user_user_permissions_permission_id_1fbb5f2c; Type: INDEX; Schema: public; Owner: postgres
--

CREATE INDEX auth_user_user_permissions_permission_id_1fbb5f2c ON public.auth_user_user_permissions USING btree (permission_id);


--
-- Name: auth_user_user_permissions_user_id_a95ead1b; Type: INDEX; Schema: public; Owner: postgres
--

CREATE INDEX auth_user_user_permissions_user_id_a95ead1b ON public.auth_user_user_permissions USING btree (user_id);


--
-- Name: auth_user_username_6821ab7c_like; Type: INDEX; Schema: public; Owner: postgres
--

CREATE INDEX auth_user_username_6821ab7c_like ON public.auth_user USING btree (username varchar_pattern_ops);


--
-- Name: catalog_collection_slug_233fbd4d_like; Type: INDEX; Schema: public; Owner: postgres
--

CREATE INDEX catalog_collection_slug_233fbd4d_like ON public.catalog_collection USING btree (slug varchar_pattern_ops);


--
-- Name: catalog_photo_collection_id_58a12a15; Type: INDEX; Schema: public; Owner: postgres
--

CREATE INDEX catalog_photo_collection_id_58a12a15 ON public.catalog_photo USING btree (collection_id);


--
-- Name: catalog_photo_slug_e1f59c8f_like; Type: INDEX; Schema: public; Owner: postgres
--

CREATE INDEX catalog_photo_slug_e1f59c8f_like ON public.catalog_photo USING btree (slug varchar_pattern_ops);


--
-- Name: catalog_product_slug_f37848b0_like; Type: INDEX; Schema: public; Owner: postgres
--

CREATE INDEX catalog_product_slug_f37848b0_like ON public.catalog_product USING btree (slug varchar_pattern_ops);


--
-- Name: catalog_productvariant_photo_id_b443608e; Type: INDEX; Schema: public; Owner: postgres
--

CREATE INDEX catalog_productvariant_photo_id_b443608e ON public.catalog_productvariant USING btree (photo_id);


--
-- Name: core_giftcard_code_6175189e_like; Type: INDEX; Schema: public; Owner: postgres
--

CREATE INDEX core_giftcard_code_6175189e_like ON public.core_giftcard USING btree (code varchar_pattern_ops);


--
-- Name: core_giftcardredemption_gift_card_id_9d3d5d84; Type: INDEX; Schema: public; Owner: postgres
--

CREATE INDEX core_giftcardredemption_gift_card_id_9d3d5d84 ON public.core_giftcardredemption USING btree (gift_card_id);


--
-- Name: core_giftcardredemption_order_id_32693927; Type: INDEX; Schema: public; Owner: postgres
--

CREATE INDEX core_giftcardredemption_order_id_32693927 ON public.core_giftcardredemption USING btree (order_id);


--
-- Name: core_subscriber_email_849f4829_like; Type: INDEX; Schema: public; Owner: postgres
--

CREATE INDEX core_subscriber_email_849f4829_like ON public.core_subscriber USING btree (email varchar_pattern_ops);


--
-- Name: django_admin_log_content_type_id_c4bce8eb; Type: INDEX; Schema: public; Owner: postgres
--

CREATE INDEX django_admin_log_content_type_id_c4bce8eb ON public.django_admin_log USING btree (content_type_id);


--
-- Name: django_admin_log_user_id_c564eba6; Type: INDEX; Schema: public; Owner: postgres
--

CREATE INDEX django_admin_log_user_id_c564eba6 ON public.django_admin_log USING btree (user_id);


--
-- Name: django_session_expire_date_a5c62663; Type: INDEX; Schema: public; Owner: postgres
--

CREATE INDEX django_session_expire_date_a5c62663 ON public.django_session USING btree (expire_date);


--
-- Name: django_session_session_key_c0390e0f_like; Type: INDEX; Schema: public; Owner: postgres
--

CREATE INDEX django_session_session_key_c0390e0f_like ON public.django_session USING btree (session_key varchar_pattern_ops);


--
-- Name: mockup_savedmockup_wall_analysis_id_c287817f; Type: INDEX; Schema: public; Owner: postgres
--

CREATE INDEX mockup_savedmockup_wall_analysis_id_c287817f ON public.mockup_savedmockup USING btree (wall_analysis_id);


--
-- Name: mockup_wallanalysis_session_key_543374a5; Type: INDEX; Schema: public; Owner: postgres
--

CREATE INDEX mockup_wallanalysis_session_key_543374a5 ON public.mockup_wallanalysis USING btree (session_key);


--
-- Name: mockup_wallanalysis_session_key_543374a5_like; Type: INDEX; Schema: public; Owner: postgres
--

CREATE INDEX mockup_wallanalysis_session_key_543374a5_like ON public.mockup_wallanalysis USING btree (session_key varchar_pattern_ops);


--
-- Name: orders_cart_session_key_fec96a01_like; Type: INDEX; Schema: public; Owner: postgres
--

CREATE INDEX orders_cart_session_key_fec96a01_like ON public.orders_cart USING btree (session_key varchar_pattern_ops);


--
-- Name: orders_cartitem_cart_id_529df5fa; Type: INDEX; Schema: public; Owner: postgres
--

CREATE INDEX orders_cartitem_cart_id_529df5fa ON public.orders_cartitem USING btree (cart_id);


--
-- Name: orders_cartitem_product_id_55063ee7; Type: INDEX; Schema: public; Owner: postgres
--

CREATE INDEX orders_cartitem_product_id_55063ee7 ON public.orders_cartitem USING btree (product_id);


--
-- Name: orders_cartitem_variant_id_a3661000; Type: INDEX; Schema: public; Owner: postgres
--

CREATE INDEX orders_cartitem_variant_id_a3661000 ON public.orders_cartitem USING btree (variant_id);


--
-- Name: orders_order_order_number_4e985f70_like; Type: INDEX; Schema: public; Owner: postgres
--

CREATE INDEX orders_order_order_number_4e985f70_like ON public.orders_order USING btree (order_number varchar_pattern_ops);


--
-- Name: orders_orderitem_order_id_fe61a34d; Type: INDEX; Schema: public; Owner: postgres
--

CREATE INDEX orders_orderitem_order_id_fe61a34d ON public.orders_orderitem USING btree (order_id);


--
-- Name: orders_orderitem_product_id_afe4254a; Type: INDEX; Schema: public; Owner: postgres
--

CREATE INDEX orders_orderitem_product_id_afe4254a ON public.orders_orderitem USING btree (product_id);


--
-- Name: orders_orderitem_variant_id_5d350ded; Type: INDEX; Schema: public; Owner: postgres
--

CREATE INDEX orders_orderitem_variant_id_5d350ded ON public.orders_orderitem USING btree (variant_id);


--
-- Name: auth_group_permissions auth_group_permissio_permission_id_84c5c92e_fk_auth_perm; Type: FK CONSTRAINT; Schema: public; Owner: postgres
--

ALTER TABLE ONLY public.auth_group_permissions
    ADD CONSTRAINT auth_group_permissio_permission_id_84c5c92e_fk_auth_perm FOREIGN KEY (permission_id) REFERENCES public.auth_permission(id) DEFERRABLE INITIALLY DEFERRED;


--
-- Name: auth_group_permissions auth_group_permissions_group_id_b120cbf9_fk_auth_group_id; Type: FK CONSTRAINT; Schema: public; Owner: postgres
--

ALTER TABLE ONLY public.auth_group_permissions
    ADD CONSTRAINT auth_group_permissions_group_id_b120cbf9_fk_auth_group_id FOREIGN KEY (group_id) REFERENCES public.auth_group(id) DEFERRABLE INITIALLY DEFERRED;


--
-- Name: auth_permission auth_permission_content_type_id_2f476e4b_fk_django_co; Type: FK CONSTRAINT; Schema: public; Owner: postgres
--

ALTER TABLE ONLY public.auth_permission
    ADD CONSTRAINT auth_permission_content_type_id_2f476e4b_fk_django_co FOREIGN KEY (content_type_id) REFERENCES public.django_content_type(id) DEFERRABLE INITIALLY DEFERRED;


--
-- Name: auth_user_groups auth_user_groups_group_id_97559544_fk_auth_group_id; Type: FK CONSTRAINT; Schema: public; Owner: postgres
--

ALTER TABLE ONLY public.auth_user_groups
    ADD CONSTRAINT auth_user_groups_group_id_97559544_fk_auth_group_id FOREIGN KEY (group_id) REFERENCES public.auth_group(id) DEFERRABLE INITIALLY DEFERRED;


--
-- Name: auth_user_groups auth_user_groups_user_id_6a12ed8b_fk_auth_user_id; Type: FK CONSTRAINT; Schema: public; Owner: postgres
--

ALTER TABLE ONLY public.auth_user_groups
    ADD CONSTRAINT auth_user_groups_user_id_6a12ed8b_fk_auth_user_id FOREIGN KEY (user_id) REFERENCES public.auth_user(id) DEFERRABLE INITIALLY DEFERRED;


--
-- Name: auth_user_user_permissions auth_user_user_permi_permission_id_1fbb5f2c_fk_auth_perm; Type: FK CONSTRAINT; Schema: public; Owner: postgres
--

ALTER TABLE ONLY public.auth_user_user_permissions
    ADD CONSTRAINT auth_user_user_permi_permission_id_1fbb5f2c_fk_auth_perm FOREIGN KEY (permission_id) REFERENCES public.auth_permission(id) DEFERRABLE INITIALLY DEFERRED;


--
-- Name: auth_user_user_permissions auth_user_user_permissions_user_id_a95ead1b_fk_auth_user_id; Type: FK CONSTRAINT; Schema: public; Owner: postgres
--

ALTER TABLE ONLY public.auth_user_user_permissions
    ADD CONSTRAINT auth_user_user_permissions_user_id_a95ead1b_fk_auth_user_id FOREIGN KEY (user_id) REFERENCES public.auth_user(id) DEFERRABLE INITIALLY DEFERRED;


--
-- Name: catalog_photo catalog_photo_collection_id_58a12a15_fk_catalog_collection_id; Type: FK CONSTRAINT; Schema: public; Owner: postgres
--

ALTER TABLE ONLY public.catalog_photo
    ADD CONSTRAINT catalog_photo_collection_id_58a12a15_fk_catalog_collection_id FOREIGN KEY (collection_id) REFERENCES public.catalog_collection(id) DEFERRABLE INITIALLY DEFERRED;


--
-- Name: catalog_productvariant catalog_productvariant_photo_id_b443608e_fk_catalog_photo_id; Type: FK CONSTRAINT; Schema: public; Owner: postgres
--

ALTER TABLE ONLY public.catalog_productvariant
    ADD CONSTRAINT catalog_productvariant_photo_id_b443608e_fk_catalog_photo_id FOREIGN KEY (photo_id) REFERENCES public.catalog_photo(id) DEFERRABLE INITIALLY DEFERRED;


--
-- Name: core_giftcardredemption core_giftcardredempt_gift_card_id_9d3d5d84_fk_core_gift; Type: FK CONSTRAINT; Schema: public; Owner: postgres
--

ALTER TABLE ONLY public.core_giftcardredemption
    ADD CONSTRAINT core_giftcardredempt_gift_card_id_9d3d5d84_fk_core_gift FOREIGN KEY (gift_card_id) REFERENCES public.core_giftcard(id) DEFERRABLE INITIALLY DEFERRED;


--
-- Name: core_giftcardredemption core_giftcardredemption_order_id_32693927_fk_orders_order_id; Type: FK CONSTRAINT; Schema: public; Owner: postgres
--

ALTER TABLE ONLY public.core_giftcardredemption
    ADD CONSTRAINT core_giftcardredemption_order_id_32693927_fk_orders_order_id FOREIGN KEY (order_id) REFERENCES public.orders_order(id) DEFERRABLE INITIALLY DEFERRED;


--
-- Name: django_admin_log django_admin_log_content_type_id_c4bce8eb_fk_django_co; Type: FK CONSTRAINT; Schema: public; Owner: postgres
--

ALTER TABLE ONLY public.django_admin_log
    ADD CONSTRAINT django_admin_log_content_type_id_c4bce8eb_fk_django_co FOREIGN KEY (content_type_id) REFERENCES public.django_content_type(id) DEFERRABLE INITIALLY DEFERRED;


--
-- Name: django_admin_log django_admin_log_user_id_c564eba6_fk_auth_user_id; Type: FK CONSTRAINT; Schema: public; Owner: postgres
--

ALTER TABLE ONLY public.django_admin_log
    ADD CONSTRAINT django_admin_log_user_id_c564eba6_fk_auth_user_id FOREIGN KEY (user_id) REFERENCES public.auth_user(id) DEFERRABLE INITIALLY DEFERRED;


--
-- Name: mockup_savedmockup mockup_savedmockup_wall_analysis_id_c287817f_fk_mockup_wa; Type: FK CONSTRAINT; Schema: public; Owner: postgres
--

ALTER TABLE ONLY public.mockup_savedmockup
    ADD CONSTRAINT mockup_savedmockup_wall_analysis_id_c287817f_fk_mockup_wa FOREIGN KEY (wall_analysis_id) REFERENCES public.mockup_wallanalysis(id) DEFERRABLE INITIALLY DEFERRED;


--
-- Name: orders_cartitem orders_cartitem_cart_id_529df5fa_fk_orders_cart_id; Type: FK CONSTRAINT; Schema: public; Owner: postgres
--

ALTER TABLE ONLY public.orders_cartitem
    ADD CONSTRAINT orders_cartitem_cart_id_529df5fa_fk_orders_cart_id FOREIGN KEY (cart_id) REFERENCES public.orders_cart(id) DEFERRABLE INITIALLY DEFERRED;


--
-- Name: orders_cartitem orders_cartitem_product_id_55063ee7_fk_catalog_product_id; Type: FK CONSTRAINT; Schema: public; Owner: postgres
--

ALTER TABLE ONLY public.orders_cartitem
    ADD CONSTRAINT orders_cartitem_product_id_55063ee7_fk_catalog_product_id FOREIGN KEY (product_id) REFERENCES public.catalog_product(id) DEFERRABLE INITIALLY DEFERRED;


--
-- Name: orders_cartitem orders_cartitem_variant_id_a3661000_fk_catalog_p; Type: FK CONSTRAINT; Schema: public; Owner: postgres
--

ALTER TABLE ONLY public.orders_cartitem
    ADD CONSTRAINT orders_cartitem_variant_id_a3661000_fk_catalog_p FOREIGN KEY (variant_id) REFERENCES public.catalog_productvariant(id) DEFERRABLE INITIALLY DEFERRED;


--
-- Name: orders_orderitem orders_orderitem_order_id_fe61a34d_fk_orders_order_id; Type: FK CONSTRAINT; Schema: public; Owner: postgres
--

ALTER TABLE ONLY public.orders_orderitem
    ADD CONSTRAINT orders_orderitem_order_id_fe61a34d_fk_orders_order_id FOREIGN KEY (order_id) REFERENCES public.orders_order(id) DEFERRABLE INITIALLY DEFERRED;


--
-- Name: orders_orderitem orders_orderitem_product_id_afe4254a_fk_catalog_product_id; Type: FK CONSTRAINT; Schema: public; Owner: postgres
--

ALTER TABLE ONLY public.orders_orderitem
    ADD CONSTRAINT orders_orderitem_product_id_afe4254a_fk_catalog_product_id FOREIGN KEY (product_id) REFERENCES public.catalog_product(id) DEFERRABLE INITIALLY DEFERRED;


--
-- Name: orders_orderitem orders_orderitem_variant_id_5d350ded_fk_catalog_p; Type: FK CONSTRAINT; Schema: public; Owner: postgres
--

ALTER TABLE ONLY public.orders_orderitem
    ADD CONSTRAINT orders_orderitem_variant_id_5d350ded_fk_catalog_p FOREIGN KEY (variant_id) REFERENCES public.catalog_productvariant(id) DEFERRABLE INITIALLY DEFERRED;


--
-- PostgreSQL database dump complete
--

\unrestrict dRc5bK0Yyab9NFTMMvUHOQjZe44cX0KIcPSYyYKW8JbLd0Rs1cCKsuRvEQmGjYc

